Player,Position,Team,Season  ,TOI,EV TOI,EVO WAR,EVD WAR,EV Shoot WAR,PP TOI,PP WAR,PP Shoot WAR,SH TOI,SH WAR,SH Shoot WAR,Draw WAR,Take WAR,Pens WAR,WAR
CONNOR MCDAVID,F,EDM,22-23,"1,022.85",767.63,1.63,-0.05,1.92,196.90,0.84,1.25,58.32,-0.05,0.00,0.40,0.20,0.60,6.13
DAVID PASTRNAK,F,BOS,22-23,854.88,679.07,0.68,-0.03,1.83,173.48,0.02,1.20,2.33,0.00,-0.04,0.23,-0.01,0.22,3.90
JARED MCCANN,F,SEA,22-23,624.27,503.27,0.08,0.28,2.89,102.33,0.25,0.08,18.67,-0.01,0.00,0.05,0.24,0.28,3.87
JACK HUGHES,F,N.J,22-23,868.95,713.42,0.95,0.44,1.31,151.83,0.32,0.10,3.70,0.01,-0.02,0.32,0.41,0.73,3.84
MATTHEW TKACHUK,F,FLA,22-23,851.02,641.97,1.54,0.15,0.92,186.77,1.22,-0.23,22.28,-0.01,-0.09,0.15,-0.09,0.07,3.57
JASON ROBERTSON,F,DAL,22-23,851.47,706.18,1.41,0.31,1.74,145.00,-0.13,0.16,0.28,0.00,0.00,-0.26,0.25,-0.01,3.50
LEON DRAISAITL,F,EDM,22-23,955.75,727.53,0.58,-0.58,1.01,191.27,0.95,1.43,36.95,-0.06,-0.11,0.10,0.16,0.26,3.48
MARK SCHEIFELE,F,WPG,22-23,911.60,758.78,0.64,-0.20,1.23,146.43,0.54,0.67,6.38,-0.01,0.00,0.12,0.36,0.48,3.35
BO HORVAT,F,VAN,22-23,895.85,652.15,0.63,-0.03,1.57,166.47,0.21,0.72,77.23,-0.15,0.03,0.02,0.28,0.29,3.27
BRAYDEN POINT,F,T.B,22-23,843.80,673.03,0.87,0.09,1.14,169.38,0.08,0.66,1.38,0.00,0.00,-0.03,0.44,0.41,3.24
JESPER BRATT,F,N.J,22-23,765.15,623.07,0.88,0.36,0.91,139.88,0.48,0.43,2.20,0.00,0.00,-0.25,0.39,0.14,3.20
AUSTON MATTHEWS,F,TOR,22-23,863.80,692.58,1.49,-0.25,0.18,169.07,0.47,0.74,2.15,0.00,-0.02,0.18,0.26,0.44,3.06
TAGE THOMPSON,F,BUF,22-23,816.43,617.88,0.70,-0.60,1.16,156.08,-0.16,1.71,42.47,-0.02,0.10,0.02,0.12,0.14,3.04
TIMO MEIER,F,S.J,22-23,881.35,732.10,1.01,0.05,0.16,141.43,0.13,1.14,7.82,0.02,0.00,0.21,0.27,0.48,2.99
ADAM FOX,D,NYR,22-23,"1,117.30",834.82,1.20,0.63,0.62,182.97,0.58,-0.20,99.52,-0.21,-0.04,0.06,0.24,0.31,2.88
GABRIEL VILARDI,F,L.A,22-23,691.23,554.92,0.14,0.37,1.07,135.37,0.53,0.05,0.95,0.00,0.00,0.31,0.24,0.55,2.71
ELIAS PETTERSSON,F,VAN,22-23,818.08,593.07,0.81,0.10,1.30,155.13,0.66,-0.50,69.88,-0.07,-0.18,0.13,0.35,0.48,2.60
MIKKO RANTANEN,F,COL,22-23,964.80,767.53,0.22,-0.59,2.40,195.18,0.21,0.15,2.08,0.00,0.00,0.21,-0.02,0.18,2.56
ROOPE HINTZ,F,DAL,22-23,664.42,516.60,0.34,-0.02,0.85,111.38,0.81,0.19,36.43,0.15,0.21,-0.16,0.19,0.02,2.55
ERIK KARLSSON,D,S.J,22-23,"1,123.32",958.40,1.03,-0.77,1.11,154.23,0.31,0.29,10.68,0.02,0.00,0.10,0.40,0.49,2.49
PATRICE BERGERON,F,BOS,22-23,773.57,536.72,0.85,0.42,0.38,155.23,0.84,0.00,81.62,0.07,-0.07,-0.18,0.17,-0.01,2.48
WILLIAM NYLANDER,F,TOR,22-23,838.95,651.57,0.82,-0.35,0.92,176.90,0.72,0.10,10.48,0.03,-0.05,0.03,0.25,0.28,2.46
MITCH MARNER,F,TOR,22-23,940.33,652.97,0.26,0.18,0.90,176.17,0.55,0.47,111.20,0.05,0.02,-0.19,0.19,0.00,2.41
KIRILL KAPRIZOV,F,MIN,22-23,876.95,705.97,0.24,0.12,0.43,170.02,0.45,0.69,0.97,0.00,0.00,0.36,0.02,0.39,2.32
CLAUDE GIROUX,F,OTT,22-23,798.78,646.60,0.79,-0.02,0.88,127.42,0.39,-0.01,24.77,-0.01,0.00,0.03,0.22,0.25,2.26
NICO HISCHIER,F,N.J,22-23,819.97,571.48,0.43,0.03,0.29,145.22,0.62,0.22,103.27,-0.04,0.10,0.21,0.38,0.59,2.25
SIDNEY CROSBY,F,PIT,22-23,879.25,694.75,0.66,-0.11,1.58,181.37,0.31,-0.17,3.13,0.00,0.00,-0.09,0.04,-0.04,2.23
NIKITA KUCHEROV,F,T.B,22-23,867.72,688.95,0.87,-0.33,-0.14,178.57,0.99,0.32,0.20,0.00,0.00,0.41,0.11,0.52,2.23
DANIEL SPRONG,F,SEA,22-23,423.58,341.05,0.40,0.01,0.99,82.53,0.27,0.52,0.00,0.00,0.00,-0.07,0.05,-0.02,2.17
MIKA ZIBANEJAD,F,NYR,22-23,921.15,638.43,0.41,-0.21,0.17,186.95,0.56,0.85,95.77,-0.19,0.08,0.12,0.37,0.48,2.16
CARTER VERHAEGHE,F,FLA,22-23,763.05,660.47,1.13,-0.19,0.69,101.02,0.03,0.21,1.57,0.00,0.00,0.20,0.02,0.21,2.09
JOE PAVELSKI,F,DAL,22-23,793.00,653.23,0.65,0.24,-0.03,134.45,0.38,0.37,5.32,0.00,0.00,0.11,0.33,0.44,2.06
FILIP FORSBERG,F,NSH,22-23,758.45,617.73,0.69,-0.07,0.91,139.62,0.38,-0.25,1.10,0.00,0.00,0.31,0.05,0.36,2.02
NIC DOWD,F,WSH,22-23,557.62,459.88,-0.02,0.38,1.18,0.90,0.00,0.00,96.83,0.21,-0.05,0.19,0.09,0.28,1.97
JAKE DEBRUSK,F,BOS,22-23,607.85,443.22,0.14,0.26,0.79,111.77,0.51,0.03,52.87,0.16,-0.07,-0.02,0.19,0.17,1.97
JONATHAN MARCHESSAULT,F,VGK,22-23,640.68,539.53,0.33,0.14,-0.10,101.15,0.82,0.65,0.00,0.00,0.00,-0.16,0.28,0.12,1.96
MARK STONE,F,VGK,22-23,799.67,633.87,0.85,0.47,0.32,114.95,-0.06,-0.20,50.85,0.15,0.17,-0.02,0.26,0.24,1.94
MATS ZUCCARELLO,F,MIN,22-23,816.40,649.25,0.13,-0.09,0.70,161.53,0.34,0.77,5.62,-0.01,0.00,-0.05,0.12,0.07,1.93
ALEX TUCH,F,BUF,22-23,810.68,602.72,0.44,0.01,0.97,153.50,0.13,0.49,54.47,-0.16,-0.05,-0.13,0.23,0.10,1.92
ARTTURI LEHKONEN,F,COL,22-23,854.53,619.32,0.58,0.09,-0.26,168.13,0.43,0.57,67.08,0.36,0.10,-0.19,0.18,-0.01,1.88
DYLAN LARKIN,F,DET,22-23,824.30,591.50,0.52,0.24,0.11,158.07,0.30,0.31,74.73,-0.04,-0.02,0.15,0.27,0.43,1.85
MATTY BENIERS,F,SEA,22-23,748.68,627.53,-0.13,0.12,1.16,107.40,-0.05,0.24,13.75,0.02,0.00,0.09,0.38,0.48,1.85
BRAD MARCHAND,F,BOS,22-23,674.80,491.22,0.56,0.10,-0.03,127.70,0.45,0.67,55.88,-0.17,-0.02,0.31,-0.03,0.27,1.84
VINCE DUNN,D,SEA,22-23,"1,039.28",883.90,0.67,0.30,1.13,120.77,-0.25,-0.16,34.62,0.02,0.00,0.01,0.10,0.11,1.81
CALE MAKAR,D,COL,22-23,"1,102.43",808.03,0.32,0.65,0.39,176.42,-0.26,0.48,117.98,-0.16,-0.04,0.25,0.12,0.38,1.77
KYLE CONNOR,F,WPG,22-23,902.58,737.37,0.37,-0.28,0.78,147.33,0.59,0.23,17.88,0.01,-0.03,-0.32,0.39,0.07,1.74
FILIP HRONEK,D,DET,22-23,937.82,758.65,0.42,0.23,-0.06,109.80,0.32,0.36,69.37,0.22,0.00,0.07,0.16,0.23,1.72
JAMIE BENN,F,DAL,22-23,695.93,523.85,0.31,-0.26,0.52,127.18,0.39,0.50,44.90,-0.10,0.16,-0.04,0.24,0.20,1.72
VICTOR OLOFSSON,F,BUF,22-23,613.22,505.97,-0.14,-0.19,1.49,106.42,-0.02,0.35,0.83,0.00,0.00,-0.06,0.27,0.21,1.70
NAZEM KADRI,F,CGY,22-23,783.07,633.62,0.24,-0.22,0.31,144.97,0.45,0.53,4.48,0.00,-0.07,0.41,0.06,0.48,1.70
PHILLIP DANAULT,F,L.A,22-23,827.67,639.62,0.60,0.20,0.57,103.90,0.14,0.41,84.15,-0.14,-0.05,0.02,-0.06,-0.05,1.69
JEFF SKINNER,F,BUF,22-23,701.08,557.30,0.79,-0.43,0.83,142.02,0.09,0.08,1.77,0.00,0.00,0.04,0.26,0.31,1.68
ANDREI SVECHNIKOV,F,CAR,22-23,800.28,641.82,0.92,-0.08,0.78,156.98,0.44,-0.37,1.48,0.00,0.00,0.22,-0.25,-0.03,1.67
EVGENI MALKIN,F,PIT,22-23,810.40,624.43,0.80,-0.07,0.17,185.12,0.63,0.01,0.85,0.00,0.00,0.02,0.08,0.10,1.65
JACCOB SLAVIN,D,CAR,22-23,981.35,839.43,0.13,0.80,-0.22,8.25,0.00,-0.03,133.67,0.68,-0.09,-0.09,0.44,0.34,1.61
TREVOR ZEGRAS,F,ANA,22-23,883.25,739.95,0.34,-0.13,1.02,142.63,0.22,0.19,0.67,0.00,0.00,-0.01,-0.03,-0.04,1.59
JORDAN KYROU,F,STL,22-23,762.57,641.95,0.17,-0.35,0.91,120.18,-0.30,0.97,0.43,0.00,0.00,-0.06,0.25,0.19,1.59
MIKHAIL SERGACHEV,D,T.B,22-23,989.52,778.85,0.38,0.25,0.26,98.20,0.29,0.31,112.47,0.18,-0.01,-0.09,0.03,-0.07,1.59
SEBASTIAN AHO,F,CAR,22-23,726.40,508.52,0.67,0.00,0.23,142.08,0.55,-0.44,75.80,0.20,0.13,0.18,0.07,0.25,1.58
TIM STUTZLE,F,OTT,22-23,820.60,627.87,0.56,0.14,0.33,152.33,-0.18,0.64,40.40,-0.16,-0.01,0.24,0.01,0.25,1.57
ALEKSANDER BARKOV,F,FLA,22-23,749.73,517.73,0.32,0.12,-0.16,158.20,0.49,0.67,73.80,0.06,-0.24,-0.13,0.42,0.29,1.56
PAVEL BUCHNEVICH,F,STL,22-23,695.07,526.63,0.38,-0.23,0.57,111.67,0.29,0.86,56.77,-0.12,-0.11,-0.18,0.09,-0.09,1.55
RASMUS DAHLIN,D,BUF,22-23,"1,096.58",853.87,0.16,0.34,0.62,170.32,0.04,0.65,72.40,0.00,-0.08,-0.01,-0.18,-0.19,1.54
PIERRE-LUC DUBOIS,F,WPG,22-23,811.60,661.48,0.61,-0.40,0.57,146.87,0.55,-0.08,3.25,0.00,-0.04,0.39,-0.07,0.32,1.53
MATHEW BARZAL,F,NYI,22-23,821.77,656.12,0.44,-0.10,0.42,164.90,0.92,-0.06,0.75,0.00,0.00,-0.24,0.16,-0.08,1.53
MARTIN NECAS,F,CAR,22-23,837.42,646.60,0.29,0.06,0.44,158.67,0.19,0.35,32.15,0.04,-0.06,0.12,0.09,0.22,1.53
BRADY SKJEI,D,CAR,22-23,930.65,790.97,0.14,0.57,0.44,27.13,-0.04,0.50,112.55,-0.31,0.19,-0.04,0.08,0.04,1.52
JASON ZUCKER,F,PIT,22-23,631.32,571.87,0.84,0.07,0.55,59.40,0.06,-0.16,0.05,0.00,0.00,0.08,0.09,0.17,1.52
ADAM HENRIQUE,F,ANA,22-23,802.43,590.53,0.42,0.18,0.95,118.63,0.44,-0.13,93.27,-0.28,-0.04,-0.20,0.11,-0.08,1.46
RICKARD RAKELL,F,PIT,22-23,808.88,675.20,0.53,-0.20,-0.15,133.37,0.76,0.40,0.32,0.00,0.00,-0.20,0.30,0.10,1.46
TRENT FREDERIC,F,BOS,22-23,477.48,456.87,0.34,0.25,0.88,0.15,0.00,0.00,20.47,-0.05,-0.01,0.01,0.04,0.05,1.46
ILYA MIKHEYEV,F,VAN,22-23,702.87,584.48,0.18,0.03,0.84,59.28,0.07,-0.02,59.10,0.06,-0.06,0.01,0.36,0.36,1.46
REILLY SMITH,F,VGK,22-23,764.50,612.92,0.26,-0.04,-0.39,90.47,0.39,0.51,61.12,0.08,0.68,-0.18,0.13,-0.05,1.45
NATHAN MACKINNON,F,COL,22-23,709.73,557.10,0.77,-0.39,0.30,148.55,0.69,-0.27,4.08,0.01,-0.01,0.23,0.10,0.33,1.42
BRANDON HAGEL,F,T.B,22-23,821.80,631.32,0.52,-0.19,0.36,111.80,0.00,0.37,78.68,0.07,0.04,0.17,0.09,0.25,1.42
ADRIAN KEMPE,F,L.A,22-23,867.30,648.73,0.36,-0.18,0.60,144.75,0.18,0.49,73.82,0.08,-0.04,-0.12,0.04,-0.08,1.41
ERIK GUSTAFSSON,D,WSH,22-23,921.28,816.00,0.28,0.25,0.60,96.30,0.02,-0.07,8.98,0.00,0.00,0.07,0.25,0.33,1.40
JOSH MORRISSEY,D,WPG,22-23,"1,047.73",881.32,0.81,-0.28,0.56,147.27,-0.05,-0.01,19.15,0.07,0.00,0.15,0.15,0.30,1.39
DAMON SEVERSON,D,N.J,22-23,870.98,737.88,0.80,-0.16,0.40,66.43,0.18,-0.07,66.67,0.18,0.00,-0.10,0.15,0.05,1.37
OWEN TIPPETT,F,PHI,22-23,632.53,528.70,0.37,-0.20,0.54,100.35,0.17,0.40,3.48,0.00,-0.03,-0.03,0.13,0.10,1.36
STEVEN STAMKOS,F,T.B,22-23,806.50,610.55,0.45,0.27,0.26,176.52,0.11,0.40,19.43,-0.02,0.00,-0.12,0.00,-0.12,1.35
COLE CAUFIELD,F,MTL,22-23,806.90,656.40,0.36,-0.65,1.60,150.17,-0.67,0.34,0.33,0.00,0.00,-0.05,0.41,0.37,1.35
TYLER TOFFOLI,F,CGY,22-23,751.80,582.40,0.39,0.12,0.23,142.27,0.18,0.31,27.13,0.07,-0.02,-0.06,0.12,0.06,1.35
NINO NIEDERREITER,F,NSH,22-23,679.98,585.87,0.61,-0.04,0.70,93.92,0.02,-0.17,0.20,0.00,0.00,-0.06,0.27,0.21,1.34
MARCUS JOHANSSON,F,WSH,22-23,742.32,579.48,0.26,0.15,0.38,134.68,-0.15,0.43,28.15,0.05,-0.04,-0.07,0.30,0.24,1.33
DAVID PERRON,F,DET,22-23,714.23,557.42,0.26,0.18,0.75,156.80,0.35,-0.40,0.02,0.00,0.00,0.19,-0.01,0.18,1.31
ALEX KILLORN,F,T.B,22-23,735.82,568.55,0.42,0.03,1.50,77.37,-0.08,-0.35,89.90,-0.05,-0.04,-0.16,0.04,-0.12,1.31
ANDREI KUZMENKO,F,VAN,22-23,683.73,562.70,0.28,-0.04,0.73,120.93,-0.61,0.66,0.10,0.00,0.00,-0.06,0.35,0.29,1.31
NICK SUZUKI,F,MTL,22-23,937.18,701.30,-0.41,-0.27,1.04,163.93,0.34,0.38,71.95,0.04,-0.13,0.02,0.30,0.32,1.31
RYAN NUGENT-HOPKINS,F,EDM,22-23,903.25,626.78,0.15,0.07,0.59,197.48,0.51,0.46,78.98,-0.31,0.04,-0.25,0.06,-0.19,1.31
J.T. MILLER,F,VAN,22-23,889.60,651.48,-0.04,-0.19,0.29,172.57,0.36,0.69,65.55,0.12,-0.04,0.02,0.09,0.11,1.30
SHAYNE GOSTISBEHERE,D,ARI,22-23,994.20,817.63,0.07,-0.26,0.48,146.22,0.17,0.14,30.35,0.05,0.16,0.24,0.25,0.50,1.30
MIRO HEISKANEN,D,DAL,22-23,"1,079.80",861.63,0.34,0.05,-0.07,129.90,0.58,-0.03,88.27,0.22,0.00,0.00,0.22,0.22,1.30
ALEX OVECHKIN,F,WSH,22-23,942.25,704.15,0.75,-0.81,0.72,237.97,0.19,0.52,0.13,0.00,0.00,-0.23,0.15,-0.08,1.29
JOHNNY GAUDREAU,F,CBJ,22-23,824.67,696.98,0.84,-0.31,0.67,127.05,0.49,-0.63,0.63,0.00,0.00,-0.02,0.24,0.22,1.28
JACK EICHEL,F,VGK,22-23,593.87,482.87,0.30,0.13,0.98,91.68,-0.25,-0.18,19.32,-0.04,-0.03,0.10,0.26,0.36,1.27
WILLIAM CARRIER,F,VGK,22-23,530.40,516.08,0.50,0.37,0.51,7.80,0.00,-0.08,6.52,-0.02,0.00,-0.02,0.00,-0.02,1.27
BRANDON SAAD,F,STL,22-23,645.75,532.08,0.34,0.08,0.68,69.63,0.01,-0.04,44.03,-0.01,0.28,-0.30,0.19,-0.11,1.24
KLIM KOSTIN,F,EDM,22-23,322.62,320.47,-0.04,0.00,1.03,2.15,0.00,0.00,0.00,0.00,0.00,0.32,-0.08,0.24,1.23
NIKITA ZADOROV,D,CGY,22-23,870.65,737.55,0.16,0.38,0.74,12.30,0.01,-0.01,120.80,-0.03,0.00,0.09,-0.11,-0.02,1.23
JACK QUINN,F,BUF,22-23,498.15,411.77,0.43,0.20,0.30,69.82,0.04,-0.16,16.57,-0.01,-0.04,0.26,0.20,0.47,1.23
IAN COLE,D,T.B,22-23,782.03,669.55,0.30,0.94,0.26,1.93,0.00,-0.01,110.55,0.22,-0.06,-0.16,-0.27,-0.42,1.22
JARED SPURGEON,D,MIN,22-23,899.25,706.23,0.29,0.39,0.41,55.62,0.16,0.02,137.40,-0.22,-0.02,-0.15,0.32,0.17,1.21
PIERRE ENGVALL,F,TOR,22-23,558.42,494.30,0.60,0.24,0.36,39.78,-0.01,0.11,24.33,0.09,-0.08,-0.18,0.07,-0.11,1.20
KIRILL MARCHENKO,F,CBJ,22-23,274.30,240.73,0.07,0.03,0.61,33.57,0.06,0.33,0.00,0.00,0.00,0.08,0.00,0.08,1.20
EETU LUOSTARINEN,F,FLA,22-23,717.43,557.50,0.41,0.50,0.39,47.82,0.09,-0.06,112.12,-0.13,-0.07,-0.04,0.10,0.06,1.18
RASMUS SANDIN,D,TOR,22-23,735.12,648.53,0.66,0.02,0.30,79.10,-0.01,-0.05,7.48,0.00,0.00,0.08,0.16,0.24,1.16
THOMAS CHABOT,D,OTT,22-23,"1,012.18",843.72,0.96,-0.27,-0.26,158.95,0.17,0.68,9.52,0.02,0.00,-0.06,-0.07,-0.14,1.16
JAKE WALMAN,D,DET,22-23,517.80,462.52,0.39,0.34,0.50,17.93,0.00,-0.09,37.35,-0.02,-0.03,0.14,-0.07,0.07,1.15
CALLE ROSEN,D,STL,22-23,431.52,408.27,0.27,0.06,0.71,9.12,0.02,0.00,14.13,0.01,-0.01,-0.03,0.11,0.08,1.15
MARCUS PETTERSSON,D,PIT,22-23,881.78,790.57,0.66,0.48,-0.48,9.17,-0.01,0.00,82.05,0.42,-0.01,-0.03,0.12,0.09,1.14
DYLAN STROME,F,WSH,22-23,767.48,601.12,0.24,0.08,0.33,165.80,0.76,-0.10,0.57,0.00,0.00,-0.29,0.13,-0.16,1.14
DOUGIE HAMILTON,D,N.J,22-23,959.88,793.92,0.71,-0.16,0.44,152.50,0.13,0.25,13.47,0.01,0.00,-0.20,-0.06,-0.26,1.12
ZACH HYMAN,F,EDM,22-23,917.60,710.88,1.49,-0.55,-1.07,163.78,0.59,0.58,42.93,-0.11,-0.06,0.06,0.18,0.24,1.12
LOGAN COUTURE,F,S.J,22-23,826.55,587.77,0.35,0.05,0.59,138.90,0.49,-0.38,99.88,-0.02,0.08,-0.40,0.35,-0.05,1.11
HAMPUS LINDHOLM,D,BOS,22-23,"1,028.45",821.63,0.79,0.65,-0.06,101.00,-0.25,-0.06,105.82,0.07,-0.12,0.16,-0.07,0.09,1.11
NICO STURM,F,S.J,22-23,553.23,450.63,0.01,0.05,0.99,41.05,0.05,-0.16,61.55,0.11,0.00,-0.10,0.16,0.06,1.11
PATRIK LAINE,F,CBJ,22-23,550.43,456.70,0.21,-0.04,1.03,93.47,0.17,-0.30,0.27,0.00,0.00,-0.06,0.08,0.02,1.10
JOHN TAVARES,F,TOR,22-23,782.38,612.95,0.24,0.21,0.27,168.87,0.87,-0.28,0.57,0.00,0.00,-0.22,-0.01,-0.23,1.07
DEVON TOEWS,D,COL,22-23,"1,037.10",820.85,0.19,0.56,0.00,72.68,-0.09,-0.04,143.57,0.10,0.00,0.01,0.35,0.36,1.07
DAVID KREJCI,F,BOS,22-23,663.03,552.20,-0.30,-0.10,0.77,105.45,0.48,0.15,5.38,0.01,0.00,-0.16,0.22,0.06,1.07
LAWSON CROUSE,F,ARI,22-23,755.87,573.28,0.51,-0.13,0.72,86.12,-0.09,0.37,96.47,-0.18,-0.05,-0.21,0.12,-0.09,1.06
LUCAS RAYMOND,F,DET,22-23,744.75,614.37,-0.15,-0.30,0.67,128.67,0.11,0.53,1.72,0.00,-0.01,0.13,0.08,0.21,1.06
EVAN RODRIGUES,F,COL,22-23,625.55,505.02,0.33,0.27,-0.24,88.83,0.28,0.42,31.70,-0.10,-0.01,-0.03,0.13,0.10,1.05
TREVOR VAN RIEMSDYK,D,WSH,22-23,860.80,730.83,-0.01,0.22,0.51,7.85,0.00,-0.01,122.12,0.02,0.00,0.01,0.30,0.31,1.04
TOMAS TATAR,F,N.J,22-23,676.67,587.75,0.97,0.32,0.11,88.92,0.21,-0.47,0.00,0.00,0.00,-0.17,0.08,-0.09,1.04
VIKTOR ARVIDSSON,F,L.A,22-23,676.95,578.63,0.47,0.10,-0.07,97.33,0.08,0.14,0.98,0.00,0.00,0.13,0.19,0.32,1.04
JIMMY VESEY,F,NYR,22-23,606.42,541.40,0.30,0.42,-0.10,2.85,0.01,0.00,62.17,0.15,0.05,-0.09,0.30,0.21,1.04
TRAVIS KONECNY,F,PHI,22-23,765.32,559.75,0.42,-0.55,0.68,126.22,-0.15,0.28,79.35,-0.38,0.36,0.20,0.17,0.36,1.04
BROCK MCGINN,F,PIT,22-23,579.60,457.50,-0.20,0.22,0.80,0.58,0.00,0.00,121.52,-0.48,0.27,0.26,0.17,0.43,1.03
WYATT JOHNSTON,F,DAL,22-23,684.57,603.83,0.19,-0.01,0.58,75.95,0.34,0.09,4.78,0.00,0.00,-0.28,0.12,-0.16,1.03
AARON EKBLAD,D,FLA,22-23,839.53,600.43,0.42,0.02,-0.22,133.07,0.42,0.20,106.03,0.15,0.00,0.13,-0.09,0.04,1.03
VALERI NICHUSHKIN,F,COL,22-23,358.25,263.58,0.16,0.07,-0.25,62.32,0.15,0.76,32.35,0.00,-0.03,-0.04,0.20,0.16,1.03
ALEX IAFALLO,F,L.A,22-23,385.18,306.08,0.09,0.17,0.16,33.87,0.02,0.40,45.23,0.13,-0.01,0.02,0.03,0.05,1.02
ARTEMI PANARIN,F,NYR,22-23,903.33,715.45,0.37,-0.30,0.65,186.90,0.66,-0.39,0.98,0.00,0.00,-0.17,0.21,0.03,1.02
TJ BRODIE,D,TOR,22-23,583.48,500.73,-0.22,0.57,0.10,2.20,0.00,0.00,80.55,0.19,0.00,0.18,0.20,0.38,1.02
DREW DOUGHTY,D,L.A,22-23,"1,169.37",912.92,0.24,0.58,-0.25,149.87,0.09,0.02,106.58,0.04,0.00,0.14,0.16,0.30,1.02
ALEX PIETRANGELO,D,VGK,22-23,869.98,683.70,0.36,-0.10,0.26,101.97,-0.05,0.07,84.32,0.27,0.00,-0.08,0.30,0.22,1.02
RYAN DONATO,F,SEA,22-23,424.62,393.63,0.27,-0.05,0.87,28.88,0.01,-0.09,2.10,0.00,-0.03,0.00,0.01,0.02,1.00
ROBERT THOMAS,F,STL,22-23,838.12,663.17,0.20,0.10,0.45,135.22,-0.10,0.17,39.73,-0.11,0.00,0.01,0.28,0.29,1.00
ELIAS LINDHOLM,F,CGY,22-23,821.50,579.72,0.09,0.06,0.07,138.20,0.20,0.34,103.58,0.14,-0.08,-0.13,0.31,0.18,1.00
EELI TOLVANEN,F,NSH/SEA,22-23,320.88,266.50,-0.05,0.11,0.63,46.82,0.04,0.26,7.57,-0.01,0.00,-0.09,0.10,0.01,1.00
CHRIS TANEV,D,CGY,22-23,754.83,630.88,0.03,0.44,0.04,9.77,0.00,-0.01,114.18,0.27,0.00,-0.11,0.32,0.21,0.98
WILLIAM KARLSSON,F,VGK,22-23,788.98,641.45,0.57,0.35,-0.04,76.67,0.19,-0.34,70.87,0.13,-0.07,-0.19,0.37,0.18,0.97
SEBASTIAN AHO SWE,D,NYI,22-23,703.85,663.10,-0.29,0.56,0.38,16.17,-0.05,-0.01,24.58,0.04,-0.01,0.16,0.18,0.34,0.97
JONATHAN HUBERDEAU,F,CGY,22-23,707.67,568.93,-0.05,0.11,0.16,130.08,0.67,-0.03,8.65,-0.01,0.00,0.00,0.10,0.10,0.97
SCOTT LAUGHTON,F,PHI,22-23,741.33,551.78,0.34,-0.15,-0.14,93.90,-0.11,0.52,95.65,0.01,0.38,-0.05,0.15,0.10,0.96
MATT ROY,D,L.A,22-23,851.83,752.77,0.04,0.23,0.18,2.05,0.00,0.00,97.02,0.26,0.16,-0.17,0.26,0.08,0.95
NICK SEELER,D,PHI,22-23,608.65,575.43,-0.04,0.50,0.36,1.30,0.00,0.00,31.92,0.08,-0.04,0.08,0.02,0.09,0.94
CONOR GARLAND,F,VAN,22-23,652.03,585.08,0.20,0.34,0.16,66.23,0.10,-0.07,0.72,0.00,0.00,0.00,0.22,0.21,0.94
KEVIN LABANC,F,S.J,22-23,636.15,570.60,0.30,0.34,0.76,65.55,-0.07,-0.13,0.00,0.00,0.00,-0.22,-0.06,-0.28,0.93
ROMAN JOSI,D,NSH,22-23,"1,086.27",887.98,0.48,-0.26,-0.20,155.85,-0.02,0.60,42.43,0.08,-0.09,0.15,0.19,0.33,0.92
ANTHONY MANTHA,F,WSH,22-23,626.17,584.75,0.42,0.23,0.11,41.03,-0.13,0.12,0.38,0.00,0.00,-0.10,0.28,0.17,0.91
NICK BJUGSTAD,F,ARI,22-23,737.35,616.65,0.14,0.46,0.62,21.20,0.05,-0.12,99.50,-0.37,0.07,-0.05,0.11,0.06,0.91
GARNET HATHAWAY,F,WSH,22-23,570.17,485.12,0.33,0.19,0.45,0.52,0.00,0.00,84.53,-0.22,-0.09,0.30,-0.06,0.25,0.90
JALEN CHATFIELD,D,CAR,22-23,592.67,554.00,0.31,0.11,0.40,0.50,0.00,0.00,38.17,0.06,0.16,-0.03,-0.10,-0.14,0.90
EVAN BOUCHARD,D,EDM,22-23,835.68,708.00,0.80,-0.03,-0.10,85.83,0.19,-0.16,41.85,0.07,0.00,-0.02,0.13,0.12,0.89
ESA LINDELL,D,DAL,22-23,912.15,719.67,0.12,0.40,0.33,2.48,0.00,-0.01,190.00,-0.09,-0.01,-0.19,0.32,0.14,0.89
JORDAN STAAL,F,CAR,22-23,697.75,580.40,-0.08,0.43,0.88,5.50,0.00,-0.01,111.85,-0.12,-0.13,-0.18,0.09,-0.09,0.88
NICK JENSEN,D,WSH,22-23,992.13,868.33,0.30,0.40,-0.35,1.35,0.00,0.00,122.45,0.04,-0.02,0.24,0.25,0.50,0.88
ANZE KOPITAR,F,L.A,22-23,929.05,696.47,0.47,-0.01,0.36,149.70,-0.11,-0.07,82.88,0.02,0.00,-0.23,0.45,0.22,0.88
MATT BENNING,D,S.J,22-23,859.57,707.93,-0.11,0.71,-0.02,38.93,-0.02,-0.01,112.70,-0.03,0.00,0.28,0.07,0.35,0.87
DRAKE BATHERSON,F,OTT,22-23,816.50,645.65,0.36,-0.10,-0.90,169.35,0.70,0.73,1.50,0.00,0.00,-0.05,0.12,0.07,0.87
TOMAS HERTL,F,S.J,22-23,810.78,668.93,0.82,-0.25,0.21,129.88,0.14,-0.07,11.97,0.02,0.00,-0.13,0.12,-0.01,0.86
CLAYTON KELLER,F,ARI,22-23,895.90,736.57,0.01,-0.28,0.45,145.17,0.23,0.25,14.17,0.03,-0.02,0.13,0.05,0.18,0.85
RYAN MCLEOD,F,EDM,22-23,495.20,405.87,0.18,0.16,0.43,30.68,-0.03,-0.03,58.65,0.10,0.11,-0.19,0.13,-0.06,0.85
JAKE MCCABE,D,CHI,22-23,763.15,678.10,0.21,0.24,0.09,3.17,0.00,0.00,81.88,-0.09,0.00,0.22,0.17,0.40,0.85
RASMUS ANDERSSON,D,CGY,22-23,"1,099.83",844.03,0.69,-0.03,0.46,142.77,-0.07,-0.19,113.03,-0.28,-0.04,0.07,0.23,0.30,0.84
BRADY TKACHUK,F,OTT,22-23,806.08,616.20,1.16,-0.25,-0.11,187.47,0.82,-0.85,2.42,0.00,0.00,0.14,-0.07,0.07,0.84
JULIEN GAUTHIER,F,NYR,22-23,270.18,269.70,0.07,-0.17,0.63,0.37,0.00,0.00,0.12,0.00,0.00,0.20,0.11,0.31,0.84
MIKE HOFFMAN,F,MTL,22-23,443.90,365.93,-0.04,0.05,0.87,76.55,0.26,-0.24,1.42,0.00,0.00,-0.06,-0.01,-0.07,0.84
DMITRY ORLOV,D,WSH,22-23,701.83,606.03,0.60,0.02,0.04,34.67,-0.04,-0.05,61.13,0.07,-0.01,-0.06,0.25,0.19,0.82
FILIP CHYTIL,F,NYR,22-23,525.10,481.47,0.14,0.03,0.68,43.00,-0.03,0.01,0.63,0.00,0.00,0.14,-0.16,-0.02,0.81
NICK SCHMALTZ,F,ARI,22-23,539.00,447.78,0.14,0.19,0.25,82.32,0.15,0.00,8.90,0.00,-0.08,0.05,0.11,0.17,0.81
ALEX DEBRINCAT,F,OTT,22-23,851.07,660.47,0.30,-0.26,-0.21,187.83,0.50,0.14,2.77,0.00,0.00,0.04,0.29,0.33,0.81
CHANDLER STEPHENSON,F,VGK,22-23,871.05,687.07,0.01,-0.07,0.07,116.43,0.29,0.28,67.55,-0.18,-0.03,0.02,0.41,0.43,0.80
ANDREW MANGIAPANE,F,CGY,22-23,747.47,604.77,1.13,-0.18,0.12,88.20,0.10,-0.32,54.50,0.10,-0.12,-0.17,0.12,-0.05,0.79
DYLAN COZENS,F,BUF,22-23,721.08,523.08,0.59,-0.13,0.20,131.87,0.03,0.09,66.13,-0.16,-0.02,0.07,0.10,0.18,0.78
TIMOTHY LILJEGREN,D,TOR,22-23,637.55,571.47,0.14,0.40,0.09,9.73,0.01,0.00,56.35,0.01,0.18,-0.04,-0.01,-0.05,0.76
JOEL ERIKSSON EK,F,MIN,22-23,818.92,564.67,0.23,0.15,0.02,156.05,0.71,-0.26,98.20,-0.15,0.06,-0.13,0.12,-0.01,0.75
MATTIAS EKHOLM,D,NSH,22-23,956.88,763.12,0.41,0.82,0.25,70.27,-0.14,-0.06,123.50,-0.76,0.00,-0.05,0.27,0.22,0.75
BRETT PESCE,D,CAR,22-23,999.12,798.97,0.23,0.08,0.06,84.85,0.03,0.10,115.30,-0.04,-0.02,0.09,0.22,0.31,0.75
ETHAN BEAR,D,VAN,22-23,633.17,571.23,0.17,0.18,0.26,2.25,0.00,0.00,59.68,-0.02,0.00,-0.01,0.16,0.15,0.73
RYAN POEHLING,F,PIT,22-23,343.97,270.25,-0.02,0.03,0.20,3.22,0.00,0.00,70.50,0.16,0.08,0.12,0.16,0.27,0.73
BROCK NELSON,F,NYI,22-23,845.17,651.83,0.46,-0.31,0.42,152.55,0.17,-0.22,40.78,0.14,-0.07,-0.03,0.17,0.14,0.72
ANDRE BURAKOVSKY,F,SEA,22-23,748.28,633.93,0.17,-0.48,0.68,114.27,-0.19,0.40,0.08,0.00,0.00,-0.02,0.16,0.14,0.72
MATT MARTIN,F,NYI,22-23,486.92,484.05,-0.12,0.21,0.41,1.85,0.00,0.00,1.02,0.00,0.00,0.01,0.20,0.20,0.71
NICK PERBIX,D,T.B,22-23,525.22,517.27,0.07,0.02,0.41,6.77,-0.01,0.00,1.18,0.00,0.00,0.17,0.05,0.22,0.71
SONNY MILANO,F,WSH,22-23,473.00,431.90,0.29,0.12,0.52,41.02,-0.04,-0.16,0.08,0.00,0.00,-0.10,0.08,-0.02,0.70
BRANDON TANEV,F,SEA,22-23,639.35,523.63,0.37,0.23,-0.11,3.50,0.00,0.00,112.22,-0.04,-0.06,0.10,0.21,0.31,0.70
JORDAN HARRIS,D,MTL,22-23,779.45,720.30,0.36,0.15,-0.23,2.63,0.00,0.00,56.52,0.24,0.00,0.11,0.07,0.18,0.70
JOHN CARLSON,D,WSH,22-23,676.43,492.73,0.46,-0.23,0.26,127.52,0.04,-0.22,56.18,-0.06,0.18,0.02,0.24,0.26,0.69
MARK GIORDANO,D,TOR,22-23,880.20,743.38,0.45,0.47,-0.28,31.20,-0.09,-0.03,105.62,0.28,0.17,-0.07,-0.22,-0.28,0.69
JOE VELENO,F,DET,22-23,513.48,487.02,-0.27,0.37,0.51,18.67,0.06,-0.07,7.80,0.00,-0.01,0.03,0.06,0.09,0.69
JONAS BRODIN,D,MIN,22-23,817.73,693.03,0.08,0.36,-0.13,13.30,-0.01,-0.04,111.40,0.38,0.00,-0.05,0.09,0.04,0.69
PIUS SUTER,F,DET,22-23,523.30,484.15,0.30,0.18,0.13,1.68,0.00,0.00,37.47,0.03,0.07,-0.24,0.22,-0.02,0.69
BLAKE LIZOTTE,F,L.A,22-23,572.07,500.73,0.18,-0.09,0.47,4.82,0.00,0.00,66.52,0.09,-0.03,0.22,-0.17,0.06,0.69
BRETT RITCHIE,F,CGY,22-23,275.22,269.80,0.15,-0.11,0.59,5.30,-0.01,0.00,0.12,0.00,0.00,0.12,-0.07,0.05,0.68
QUINN HUGHES,D,VAN,22-23,997.58,798.03,-0.02,-0.20,0.25,158.37,0.48,-0.05,41.18,-0.19,0.00,0.13,0.29,0.42,0.68
YAKOV TRENIN,F,NSH,22-23,558.42,475.85,0.38,0.11,-0.18,2.03,0.00,0.00,80.53,0.25,0.10,0.01,0.01,0.02,0.67
TYLER SEGUIN,F,DAL,22-23,767.87,620.48,0.79,-0.12,-0.18,97.75,0.04,0.19,49.63,0.02,-0.06,-0.03,0.02,-0.01,0.67
JORDAN EBERLE,F,SEA,22-23,720.62,607.85,0.48,-0.12,0.35,111.67,0.06,0.09,1.10,0.00,0.00,-0.27,0.07,-0.20,0.66
ANDERS LEE,F,NYI,22-23,761.28,603.53,0.77,-0.28,0.11,157.62,0.43,-0.48,0.13,0.00,0.00,0.28,-0.17,0.10,0.65
YANNI GOURDE,F,SEA,22-23,724.62,625.72,0.17,0.23,-0.32,6.13,-0.01,0.00,92.77,0.23,0.02,0.29,0.03,0.33,0.65
MICHAEL AMADIO,F,VGK,22-23,371.67,356.78,0.12,0.14,0.28,14.88,-0.02,0.14,0.00,0.00,0.00,-0.08,0.06,-0.02,0.63
TAYLOR RADDYSH,F,CHI,22-23,685.58,549.37,-0.07,-0.07,0.40,136.22,-0.12,0.57,0.00,0.00,0.00,-0.32,0.23,-0.09,0.63
MASON MCTAVISH,F,ANA,22-23,673.98,552.12,0.20,0.04,-0.04,119.40,0.65,-0.28,2.47,0.00,0.00,0.10,-0.03,0.06,0.63
ZACH PARISE,F,NYI,22-23,748.55,581.25,0.65,0.03,-0.27,71.55,-0.01,0.08,95.75,0.16,-0.04,-0.24,0.27,0.03,0.63
MATT BOLDY,F,MIN,22-23,744.73,569.17,0.17,0.29,0.00,166.30,0.27,0.00,9.27,0.02,0.00,-0.17,0.04,-0.12,0.62
SAM REINHART,F,FLA,22-23,879.43,611.72,0.11,0.33,-0.33,194.48,-0.05,0.23,73.23,0.11,-0.02,-0.09,0.34,0.26,0.62
KEVIN FIALA,F,L.A,22-23,811.03,662.12,0.70,-0.29,0.09,147.82,-0.10,0.22,1.10,0.00,0.00,0.18,-0.18,0.00,0.61
SETH JARVIS,F,CAR,22-23,700.13,592.95,0.49,0.18,-0.10,106.43,0.29,-0.54,0.75,0.00,0.00,0.04,0.24,0.29,0.61
JAKE GUENTZEL,F,PIT,22-23,794.35,633.55,0.77,-0.43,0.22,158.53,0.02,-0.07,2.27,0.00,0.00,0.13,-0.04,0.08,0.61
NEAL PIONK,D,WPG,22-23,977.97,835.78,0.48,-0.84,0.58,76.93,0.00,0.06,65.25,-0.02,0.00,0.06,0.28,0.34,0.60
KEVIN HAYES,F,PHI,22-23,775.75,627.43,0.31,-0.30,0.06,139.53,0.02,0.44,8.78,-0.02,-0.02,-0.22,0.32,0.10,0.60
THOMAS NOVAK,F,NSH,22-23,106.43,89.08,0.07,-0.04,0.38,17.35,0.04,0.14,0.00,0.00,0.00,-0.02,0.02,0.00,0.60
SETH JONES,D,CHI,22-23,793.18,611.07,0.08,0.14,-0.10,110.93,0.35,-0.12,71.18,0.22,0.00,-0.05,0.07,0.03,0.60
SAM STEEL,F,MIN,22-23,650.35,565.50,0.41,-0.26,0.49,38.78,0.00,-0.05,46.07,0.04,0.00,-0.19,0.14,-0.05,0.59
RYAN GRAVES,D,N.J,22-23,778.73,692.05,-0.09,-0.07,0.52,2.77,0.00,0.00,83.92,0.20,0.00,-0.12,0.14,0.03,0.59
DAKOTA JOSHUA,F,VAN,22-23,434.60,409.63,0.23,-0.05,0.17,7.42,0.02,0.12,17.55,0.03,0.00,0.11,-0.06,0.05,0.58
SHEA THEODORE,D,VGK,22-23,616.60,546.57,0.38,-0.12,0.08,68.92,-0.08,0.08,1.12,0.00,0.00,0.04,0.21,0.24,0.58
NATE SCHMIDT,D,WPG,22-23,709.53,600.88,0.17,0.03,-0.08,56.40,0.01,0.24,52.25,-0.12,-0.01,0.01,0.33,0.34,0.58
JONATHAN TOEWS,F,CHI,22-23,733.38,556.02,0.16,-0.34,0.19,127.38,0.19,0.63,49.98,-0.21,0.00,-0.09,0.04,-0.05,0.57
JOSH ARCHIBALD,F,PIT,22-23,304.87,254.80,0.06,0.18,0.09,2.60,0.00,-0.03,47.47,0.06,0.00,0.29,-0.09,0.20,0.57
RYAN O'REILLY,F,STL,22-23,663.43,523.30,0.34,-0.06,0.33,73.87,-0.15,-0.05,66.27,0.04,0.02,-0.16,0.26,0.10,0.57
CHRIS KREIDER,F,NYR,22-23,805.20,558.83,0.90,-0.14,0.66,170.97,-0.03,-0.80,75.40,0.02,0.00,-0.20,0.15,-0.05,0.56
JAKE EVANS,F,MTL,22-23,608.27,480.58,0.03,0.38,-0.50,3.00,0.00,0.15,124.68,0.37,-0.07,0.02,0.19,0.21,0.56
ANDREW COGLIANO,F,COL,22-23,565.68,469.78,-0.19,0.16,0.80,0.98,0.00,-0.01,94.92,-0.34,-0.06,0.23,-0.02,0.21,0.56
BRAYDEN MCNABB,D,VGK,22-23,904.57,799.05,0.22,0.60,-0.27,2.72,0.00,0.00,102.80,-0.19,0.00,0.04,0.15,0.19,0.55
SEAN DURZI,D,L.A,22-23,871.05,700.95,-0.14,0.01,0.37,106.92,0.16,0.04,63.18,-0.07,0.00,0.07,0.12,0.18,0.55
JESPER BOQVIST,F,N.J,22-23,414.15,392.27,-0.15,0.22,0.29,2.05,0.00,-0.02,19.83,0.00,0.00,-0.03,0.23,0.20,0.54
BOONE JENNER,F,CBJ,22-23,648.52,540.95,0.15,0.12,-0.24,84.33,0.08,0.29,23.23,-0.11,0.00,0.11,0.14,0.25,0.54
VLADIMIR TARASENKO,F,STL,22-23,574.42,478.25,0.36,-0.44,0.34,95.35,0.02,-0.10,0.82,0.00,0.00,0.15,0.21,0.36,0.54
NICHOLAS PAUL,F,T.B,22-23,716.22,585.05,-0.58,-0.16,0.62,46.32,0.04,0.62,84.85,0.04,-0.14,-0.08,0.18,0.10,0.54
MICHAEL BUNTING,F,TOR,22-23,732.45,640.53,0.65,0.02,-0.09,91.83,-0.41,0.14,0.08,0.00,0.00,0.22,0.00,0.21,0.53
BRENT BURNS,D,CAR,22-23,"1,023.90",766.02,0.36,-0.03,0.32,160.77,0.08,-0.04,97.12,-0.02,0.00,-0.06,-0.07,-0.13,0.53
JORDAN GROSS,D,NSH,22-23,187.18,159.28,0.00,0.04,0.25,24.53,-0.05,0.11,3.37,0.00,0.00,0.10,0.06,0.16,0.53
KYLE PALMIERI,F,NYI,22-23,322.57,273.62,0.13,-0.12,0.43,46.85,0.07,-0.15,2.10,0.00,0.00,0.09,0.07,0.16,0.53
TAYLOR HALL,F,BOS,22-23,698.37,595.70,0.60,-0.11,-0.31,102.22,0.04,0.10,0.45,0.00,0.00,0.16,0.05,0.21,0.52
PAVEL ZACHA,F,BOS,22-23,698.63,569.35,0.25,0.02,0.22,68.28,-0.08,-0.10,61.00,0.23,-0.11,-0.10,0.20,0.10,0.52
SCOTT MAYFIELD,D,NYI,22-23,946.72,799.30,0.23,0.25,0.37,1.25,0.00,0.00,146.17,-0.51,0.00,0.07,0.12,0.18,0.52
NOEL ACCIARI,F,STL,22-23,639.73,563.22,0.25,-0.02,0.12,7.57,-0.01,-0.02,68.95,-0.03,-0.06,0.11,0.17,0.29,0.52
J.T. COMPHER,F,COL,22-23,853.63,634.68,0.05,0.31,0.05,114.95,0.42,0.07,104.00,-0.51,-0.01,-0.19,0.33,0.14,0.52
JOHN MARINO,D,N.J,22-23,657.62,540.78,-0.24,0.42,0.03,11.92,-0.03,-0.02,104.92,0.14,0.00,0.06,0.15,0.22,0.51
JORDAN MARTINOOK,F,CAR,22-23,682.50,589.05,0.29,0.21,0.23,6.20,0.00,-0.02,87.25,0.10,-0.14,0.02,-0.18,-0.16,0.51
KYLE BURROUGHS,D,VAN,22-23,324.78,291.53,-0.14,0.08,0.30,0.50,0.00,0.00,32.75,0.10,0.00,0.15,0.02,0.16,0.51
JUUSO VALIMAKI,D,ARI,22-23,608.92,547.55,-0.04,0.47,0.12,50.95,0.05,-0.03,10.42,-0.02,0.00,0.04,-0.06,-0.02,0.51
DYLAN SAMBERG,D,WPG,22-23,538.85,474.38,-0.04,0.16,0.24,1.13,0.00,0.00,63.33,0.08,0.00,-0.06,0.13,0.07,0.51
CALLE JARNKROK,F,TOR,22-23,518.85,412.23,-0.21,-0.01,0.50,44.87,-0.05,0.08,61.75,-0.07,0.14,0.03,0.10,0.13,0.51
JUSTIN HOLL,D,TOR,22-23,952.68,803.30,-0.15,0.26,0.13,4.22,-0.01,0.00,145.17,0.01,0.00,0.14,0.12,0.26,0.50
CONNOR DEWAR,F,MIN,22-23,476.12,393.90,-0.11,0.20,-0.25,3.67,0.00,0.00,78.55,0.16,0.38,-0.06,0.19,0.13,0.50
BRADEN SCHNEIDER,D,NYR,22-23,686.42,652.12,-0.43,0.09,0.63,1.88,0.00,-0.01,32.42,0.05,0.00,-0.09,0.26,0.16,0.50
CHARLIE COYLE,F,BOS,22-23,733.35,578.42,0.18,-0.50,0.44,33.93,-0.02,-0.08,121.00,0.28,0.07,0.03,0.11,0.14,0.50
JAN RUTTA,D,PIT,22-23,742.83,628.55,-0.28,0.20,0.32,1.28,0.00,0.00,113.00,0.24,0.00,0.00,0.01,0.02,0.50
JOSH LEIVO,F,STL,22-23,425.27,399.50,0.31,0.33,-0.17,25.65,-0.04,-0.07,0.12,0.00,0.00,-0.04,0.16,0.13,0.49
MACKENZIE WEEGAR,D,CGY,22-23,917.45,810.27,0.19,0.77,-0.32,33.47,-0.09,-0.04,73.72,0.14,0.00,-0.15,-0.01,-0.16,0.49
DEREK FORBORT,D,BOS,22-23,611.00,495.70,-0.25,0.00,0.22,1.23,0.00,0.00,114.07,0.21,0.17,-0.08,0.21,0.13,0.49
WARREN FOEGELE,F,EDM,22-23,420.78,390.97,0.28,0.15,-0.39,7.43,0.01,-0.03,22.38,0.01,0.18,0.19,0.09,0.28,0.49
ARTHUR KALIYEV,F,L.A,22-23,415.60,335.73,0.08,-0.05,-0.38,79.77,0.07,0.68,0.10,0.00,0.00,-0.03,0.12,0.09,0.49
BRANDON DUHAIME,F,MIN,22-23,200.42,183.08,0.06,0.09,0.08,0.92,0.00,0.00,16.42,0.03,0.13,0.14,-0.04,0.10,0.49
JARRED TINORDI,D,CHI,22-23,417.07,375.52,-0.21,0.20,0.30,0.42,0.00,0.00,41.13,0.12,0.00,-0.07,0.14,0.08,0.48
ADAM PELECH,D,NYI,22-23,552.47,469.18,0.08,0.23,0.24,4.23,0.00,0.00,79.05,-0.02,0.00,0.05,-0.09,-0.04,0.48
COREY PERRY,F,T.B,22-23,505.55,420.87,0.12,0.14,-0.42,84.43,0.26,0.26,0.25,0.00,0.00,0.03,0.10,0.13,0.48
JOSH ANDERSON,F,MTL,22-23,689.20,562.45,0.49,-0.56,0.64,71.33,-0.03,-0.02,55.42,0.06,-0.09,0.13,-0.12,0.01,0.48
ZACH WERENSKI,D,CBJ,22-23,301.83,249.27,0.12,0.14,0.31,39.90,-0.03,-0.08,12.67,0.03,-0.01,0.00,0.00,0.00,0.48
DYLAN DEMELO,D,WPG,22-23,804.12,693.23,-0.34,0.61,-0.18,2.53,0.00,0.00,108.35,-0.04,0.18,0.14,0.12,0.26,0.48
DOMINIK KUBALIK,F,DET,22-23,660.07,521.38,-0.05,-0.21,-0.01,138.15,0.08,0.47,0.53,0.00,-0.06,0.03,0.22,0.25,0.47
PONTUS HOLMBERG,F,TOR,22-23,291.93,272.63,-0.04,-0.07,0.24,15.02,-0.02,0.17,4.28,0.00,0.00,0.15,0.05,0.20,0.47
DILLON DUBE,F,CGY,22-23,704.37,579.48,-0.11,-0.21,0.21,63.57,0.23,-0.43,61.32,0.27,0.31,0.08,0.13,0.21,0.47
JONATAN BERGGREN,F,DET,22-23,407.77,351.80,0.01,-0.06,0.44,55.88,0.03,0.15,0.08,0.00,0.00,-0.18,0.08,-0.10,0.47
CAM YORK,D,PHI,22-23,352.80,314.17,0.25,0.11,-0.06,34.72,0.01,-0.02,3.92,0.00,0.00,0.10,0.07,0.17,0.47
ELMER SODERBLOM,F,DET,22-23,250.20,226.47,0.16,0.08,0.37,23.67,-0.06,-0.09,0.07,0.00,0.00,0.02,-0.01,0.01,0.47
JOEL FARABEE,F,PHI,22-23,771.03,632.12,0.00,-0.44,0.80,99.30,-0.05,-0.17,39.62,0.11,-0.05,0.12,0.13,0.25,0.46
LOGAN O'CONNOR,F,COL,22-23,651.27,558.30,0.08,0.27,-0.23,3.57,0.00,0.00,89.40,0.22,0.11,-0.12,0.14,0.02,0.46
CONNOR MURPHY,D,CHI,22-23,830.47,737.03,-0.14,0.28,0.27,2.23,0.00,0.00,91.20,-0.19,0.19,0.17,-0.13,0.04,0.45
KENT JOHNSON,F,CBJ,22-23,538.53,473.23,-0.20,0.11,0.25,65.00,0.02,0.21,0.30,0.00,0.00,-0.10,0.15,0.06,0.45
K'ANDRE MILLER,D,NYR,22-23,998.60,891.20,-0.27,0.41,0.03,12.78,0.03,0.00,94.62,0.28,0.00,-0.21,0.18,-0.03,0.45
ANDREW PEEKE,D,CBJ,22-23,862.82,721.88,-0.29,0.25,0.49,1.62,0.00,0.00,139.32,-0.16,0.00,0.09,0.07,0.16,0.45
JESPER FAST,F,CAR,22-23,629.40,536.53,0.26,-0.03,0.01,19.47,-0.03,-0.04,73.40,0.07,-0.04,0.04,0.20,0.25,0.45
FABIAN ZETTERLUND,F,N.J,22-23,429.40,395.53,0.14,0.20,0.01,33.18,-0.01,-0.01,0.68,0.00,0.00,-0.04,0.17,0.13,0.44
ONDREJ PALAT,F,N.J,22-23,206.37,181.17,0.12,0.01,0.29,20.70,-0.01,-0.06,4.50,0.01,0.00,-0.03,0.12,0.08,0.44
KIRBY DACH,F,MTL,22-23,797.50,639.18,0.55,0.08,-0.41,151.45,0.00,0.40,6.87,0.00,0.00,-0.01,-0.18,-0.18,0.44
NIKOLAJ EHLERS,F,WPG,22-23,166.33,137.12,0.25,-0.06,0.13,29.22,0.18,-0.14,0.00,0.00,0.00,0.03,0.06,0.08,0.44
MARC-EDOUARD VLASIC,D,S.J,22-23,820.73,690.87,0.01,0.34,-0.09,4.28,0.00,0.00,125.58,0.04,-0.01,-0.20,0.35,0.15,0.43
BARCLAY GOODROW,F,NYR,22-23,656.77,555.42,-0.22,-0.16,0.73,14.80,0.04,0.11,86.55,-0.11,-0.08,-0.08,0.18,0.10,0.41
JJ PETERKA,F,BUF,22-23,582.50,517.33,0.29,-0.03,0.32,59.13,0.06,-0.20,6.03,0.00,0.00,-0.04,-0.01,-0.05,0.40
BRANDON CARLO,D,BOS,22-23,740.35,608.75,-0.18,0.63,-0.17,0.32,0.00,-0.04,131.28,0.19,-0.01,-0.03,0.01,-0.02,0.40
COLIN MILLER,D,DAL,22-23,726.92,699.20,-0.07,0.08,0.23,6.95,0.01,-0.03,20.77,0.05,0.00,0.12,0.00,0.12,0.40
DEREK STEPAN,F,CAR,22-23,352.15,309.67,0.27,0.05,0.00,2.90,0.00,0.00,39.58,0.04,-0.01,0.00,0.05,0.05,0.39
WADE ALLISON,F,PHI,22-23,337.55,323.10,0.18,0.04,0.29,14.38,0.00,-0.06,0.07,0.00,0.00,-0.10,0.04,-0.06,0.39
ALEX GOLIGOSKI,D,MIN,22-23,297.28,265.75,0.16,0.13,-0.02,6.03,-0.01,-0.01,25.50,0.02,0.00,-0.04,0.15,0.12,0.39
CALEN ADDISON,D,MIN,22-23,693.85,534.30,0.12,-0.03,0.38,157.45,0.00,-0.13,2.10,0.00,0.00,-0.10,0.14,0.04,0.39
OLLI MAATTA,D,DET,22-23,726.40,671.03,-0.31,0.16,0.39,2.05,0.00,0.00,53.32,-0.01,0.00,-0.10,0.27,0.16,0.39
ALEX EDLER,D,L.A,22-23,618.17,556.80,0.11,0.16,0.04,1.42,0.00,0.00,59.95,0.13,0.00,0.00,-0.05,-0.06,0.39
MIKAEL BACKLUND,F,CGY,22-23,789.57,610.88,0.39,0.43,-0.03,80.52,-0.02,-0.11,98.17,-0.06,-0.02,-0.19,-0.01,-0.20,0.38
CHARLIE MCAVOY,D,BOS,22-23,706.17,551.05,0.45,0.08,0.02,83.98,-0.32,0.13,71.13,0.04,-0.02,0.09,-0.08,0.01,0.38
LAWRENCE PILUT,D,BUF,22-23,216.98,199.83,0.00,0.03,0.13,0.47,0.00,0.00,16.68,0.06,0.00,0.06,0.11,0.17,0.38
JANSEN HARKINS,F,WPG,22-23,236.57,235.28,0.03,0.18,0.24,1.10,0.00,0.00,0.18,0.00,0.00,-0.05,-0.02,-0.07,0.38
TYSON BARRIE,D,EDM,22-23,906.15,709.00,0.12,0.00,0.13,156.63,0.17,0.12,40.52,-0.26,0.00,0.00,0.10,0.10,0.37
ZEMGUS GIRGENSONS,F,BUF,22-23,518.03,455.88,0.16,0.26,-0.21,1.40,0.00,0.00,60.75,-0.03,-0.05,0.10,0.14,0.24,0.37
JAKE SANDERSON,D,OTT,22-23,936.03,704.23,0.15,0.20,-0.23,98.28,-0.11,0.11,133.52,-0.29,-0.01,0.14,0.41,0.56,0.37
ERIK BRANNSTROM,D,OTT,22-23,610.00,534.98,0.48,0.13,-0.29,30.65,-0.04,-0.02,44.37,-0.11,0.00,0.24,-0.02,0.22,0.37
MARCUS FOLIGNO,F,MIN,22-23,546.32,451.95,0.12,0.13,0.04,48.58,-0.01,-0.27,45.78,0.13,-0.01,0.13,0.12,0.24,0.37
BRANDON MONTOUR,D,FLA,22-23,"1,066.65",814.68,0.45,-0.49,0.10,197.43,-0.02,0.14,54.53,-0.03,-0.01,0.04,0.18,0.22,0.36
ALEX CARRIER,D,NSH,22-23,692.40,588.95,-0.01,0.05,-0.02,21.98,-0.07,-0.01,81.47,0.31,0.00,0.13,-0.02,0.11,0.36
BRAD HUNT,D,COL,22-23,223.75,220.82,-0.02,0.04,0.42,1.48,0.00,0.00,1.45,0.00,0.00,-0.06,-0.03,-0.09,0.36
WILL BORGEN,D,SEA,22-23,700.97,630.18,-0.43,0.38,0.15,1.82,0.00,0.00,68.97,0.15,0.00,-0.02,0.14,0.12,0.35
CONNOR CLIFTON,D,BOS,22-23,818.02,737.00,-0.21,0.26,0.14,5.33,0.01,0.00,75.68,0.15,-0.04,-0.01,0.05,0.04,0.35
MORGAN BARRON,F,WPG,22-23,472.25,410.35,0.22,0.14,-0.22,3.35,0.00,0.00,58.55,0.24,-0.02,-0.10,0.08,-0.02,0.35
CHRIS TIERNEY,F,FLA,22-23,38.35,35.47,0.00,0.00,0.35,1.12,0.00,0.00,1.77,0.00,0.00,0.00,0.00,0.00,0.35
TY DELLANDREA,F,DAL,22-23,659.50,544.07,-0.07,-0.03,0.16,2.02,0.00,-0.06,113.42,0.25,-0.09,0.18,-0.01,0.17,0.35
SHANE PINTO,F,OTT,22-23,694.75,593.47,0.09,0.08,0.27,96.85,-0.34,0.07,4.43,0.00,-0.01,-0.06,0.24,0.17,0.34
CONOR SHEARY,F,WSH,22-23,751.72,615.58,0.39,-0.35,0.04,56.67,0.04,0.21,79.47,-0.15,0.13,-0.09,0.12,0.03,0.34
KAILER YAMAMOTO,F,EDM,22-23,509.58,435.73,-0.02,0.02,-0.09,20.93,0.03,-0.08,52.92,0.12,0.04,0.22,0.10,0.32,0.33
JAKUB ZBORIL,D,BOS,22-23,181.07,157.85,-0.01,0.06,0.11,0.17,0.00,0.00,23.05,0.05,0.00,0.07,0.06,0.12,0.33
TROY TERRY,F,ANA,22-23,891.92,747.50,0.60,-0.54,-0.63,137.37,0.46,-0.21,7.05,-0.01,-0.02,0.47,0.20,0.67,0.33
FREDERICK GAUDREAU,F,MIN,22-23,680.27,524.52,-0.23,0.12,0.29,55.35,0.18,0.03,100.40,-0.32,0.09,-0.13,0.31,0.17,0.32
ROBIN SALO,D,NYI,22-23,122.77,114.95,-0.01,-0.04,0.33,7.52,0.00,0.00,0.30,0.00,0.00,0.04,-0.01,0.03,0.32
NOAH HANIFIN,D,CGY,22-23,983.70,794.93,0.21,0.34,-0.23,93.58,-0.02,-0.01,95.18,0.14,0.00,-0.13,0.02,-0.11,0.32
MAX DOMI,F,CHI,22-23,768.93,628.30,0.80,-0.84,-0.10,139.78,-0.12,0.62,0.85,0.00,0.00,-0.18,0.13,-0.05,0.31
SHELDON DRIES,F,VAN,22-23,303.00,260.62,-0.01,0.04,0.09,41.77,0.12,0.17,0.62,0.00,0.00,-0.08,-0.02,-0.10,0.31
JONAS SIEGENTHALER,D,N.J,22-23,918.42,780.55,-0.06,0.49,-0.10,6.78,0.00,0.14,131.08,-0.12,-0.01,0.04,-0.05,-0.01,0.31
ARTEM ZUB,D,OTT,22-23,435.65,400.10,-0.10,0.26,0.21,3.68,0.00,0.00,31.87,-0.02,0.00,-0.03,0.00,-0.03,0.31
JAMIE OLEKSIAK,D,SEA,22-23,719.40,607.33,0.12,0.04,0.47,1.38,0.00,0.00,110.68,-0.23,0.00,-0.10,0.02,-0.08,0.31
JACOB BRYSON,D,BUF,22-23,555.62,503.70,-0.14,0.14,0.10,3.28,0.00,0.00,48.63,0.02,0.00,-0.02,0.21,0.19,0.31
BRAYDEN SCHENN,F,STL,22-23,798.55,675.55,0.02,-0.22,0.46,106.82,0.15,-0.10,16.18,0.02,0.00,-0.04,0.04,-0.01,0.31
TRAVIS SANHEIM,D,PHI,22-23,937.43,813.12,0.11,0.09,-0.23,35.68,-0.09,-0.05,88.63,0.27,0.10,0.03,0.07,0.11,0.31
KAAPO KAKKO,F,NYR,22-23,712.48,644.43,0.03,0.22,-0.01,48.33,-0.05,-0.13,19.72,0.00,-0.03,0.04,0.25,0.29,0.30
NIKITA ALEXANDROV,F,STL,22-23,140.23,139.83,0.07,0.05,0.07,0.40,0.00,0.00,0.00,0.00,0.00,0.08,0.04,0.12,0.30
DEREK RYAN,F,EDM,22-23,480.13,414.18,0.11,0.18,0.29,7.03,-0.01,-0.02,58.92,0.04,-0.08,-0.14,-0.07,-0.21,0.30
MICHAEL CARCONE,F,ARI,22-23,88.80,87.83,0.02,0.03,0.25,0.97,0.00,0.00,0.00,0.00,0.00,-0.01,0.01,0.00,0.30
SAM LAFFERTY,F,CHI,22-23,533.15,448.58,-0.01,-0.02,-0.03,9.02,-0.02,0.00,75.55,0.13,0.26,-0.13,0.11,-0.02,0.30
NILS HOGLANDER,F,VAN,22-23,297.73,291.53,0.10,-0.08,0.17,6.20,-0.01,0.00,0.00,0.00,0.00,0.03,0.09,0.12,0.30
MAX PACIORETTY,F,CAR,22-23,66.03,46.53,0.03,0.00,0.22,19.50,0.01,0.00,0.00,0.00,0.00,0.00,0.04,0.04,0.30
JOSH MAHURA,D,FLA,22-23,665.95,635.88,-0.13,0.10,0.35,8.65,0.01,-0.02,21.42,-0.05,0.00,-0.01,0.05,0.03,0.29
YEGOR SHARANGOVICH,F,N.J,22-23,625.48,521.70,0.17,-0.13,0.11,6.08,0.00,-0.01,97.70,-0.10,0.27,-0.18,0.16,-0.02,0.29
DAWSON MERCER,F,N.J,22-23,677.65,567.08,0.19,0.00,0.04,59.58,0.11,-0.09,50.98,-0.13,0.15,-0.21,0.23,0.02,0.29
IVAN PROVOROV,D,PHI,22-23,"1,022.45",841.22,-0.03,0.37,-0.18,52.47,-0.02,-0.05,128.77,-0.04,0.00,-0.06,0.31,0.24,0.29
ERIC STAAL,F,FLA,22-23,538.17,426.77,0.25,-0.20,0.52,11.63,-0.01,-0.04,99.77,-0.11,-0.07,-0.06,0.00,-0.06,0.28
KEEGAN KOLESAR,F,VGK,22-23,502.90,496.57,0.19,-0.03,0.19,0.90,0.00,-0.01,5.43,0.00,0.00,-0.08,0.02,-0.06,0.28
PAUL COTTER,F,VGK,22-23,345.90,332.73,-0.15,-0.14,0.52,12.98,0.01,-0.06,0.18,0.00,0.00,0.04,0.04,0.09,0.28
MASON SHAW,F,MIN,22-23,370.78,316.00,0.05,-0.03,0.33,8.93,-0.02,-0.02,45.85,0.06,-0.06,0.11,-0.15,-0.04,0.27
RYAN PULOCK,D,NYI,22-23,930.70,792.83,0.07,-0.14,0.00,54.78,0.15,-0.08,83.08,0.08,0.00,-0.12,0.30,0.18,0.27
JOEY ANDERSON,F,TOR,22-23,64.30,61.10,0.01,0.03,0.12,3.20,0.00,0.00,0.00,0.00,0.00,0.08,0.04,0.11,0.27
NICK HOLDEN,D,OTT,22-23,647.10,540.90,-0.14,0.20,-0.04,1.02,0.00,-0.01,105.18,0.21,-0.02,-0.12,0.19,0.06,0.27
KASPERI KAPANEN,F,PIT,22-23,407.88,356.78,0.04,-0.26,0.24,29.17,0.01,0.23,21.93,-0.02,0.00,-0.10,0.12,0.01,0.26
JEAN-GABRIEL PAGEAU,F,NYI,22-23,820.57,588.10,0.69,-0.16,-0.99,132.22,0.18,0.35,100.25,-0.03,0.09,-0.24,0.39,0.14,0.26
MATT NIETO,F,S.J,22-23,645.32,524.22,-0.11,-0.01,0.55,28.08,-0.06,-0.03,93.02,-0.15,-0.02,-0.11,0.21,0.10,0.26
RUDOLFS BALCERS,F,FLA/T.B,22-23,172.33,164.62,0.08,0.00,0.16,6.10,0.00,-0.02,1.62,0.00,0.00,0.02,0.02,0.04,0.26
CASEY MITTELSTADT,F,BUF,22-23,666.17,536.27,-0.01,-0.18,-0.35,102.55,0.14,0.42,27.35,0.04,0.09,-0.09,0.19,0.10,0.26
FILIP ROOS,D,CHI,22-23,244.12,224.65,0.06,0.09,0.07,14.87,0.01,-0.01,4.60,0.00,0.00,-0.02,0.05,0.03,0.26
NICOLAS ROY,F,VGK,22-23,659.23,543.47,0.20,-0.25,0.29,66.08,0.24,-0.18,49.68,-0.04,-0.04,-0.05,0.07,0.02,0.25
NOAH DOBSON,D,NYI,22-23,954.02,761.80,-0.03,-0.51,0.68,166.12,-0.23,0.11,26.10,0.04,0.00,-0.08,0.27,0.19,0.24
RYAN LOMBERG,F,FLA,22-23,472.03,445.87,0.36,-0.24,0.29,4.32,0.00,0.00,21.85,0.01,-0.03,-0.02,-0.13,-0.15,0.23
GAVIN BAYREUTHER,D,CBJ,22-23,287.97,267.62,0.13,-0.13,0.26,0.32,0.00,0.00,20.03,0.01,0.00,-0.03,0.00,-0.03,0.23
OLIVER WAHLSTROM,F,NYI,22-23,418.97,381.63,-0.12,0.13,0.37,37.32,-0.10,0.04,0.02,0.00,0.00,0.04,-0.14,-0.10,0.22
NIKITA OKHOTIUK,D,N.J,22-23,105.03,101.70,0.01,0.05,0.17,0.17,0.00,0.00,3.17,0.00,0.00,-0.03,0.02,-0.01,0.22
MARCUS BJORK,D,CBJ,22-23,467.30,397.93,0.14,-0.06,0.24,61.33,-0.02,0.14,8.03,0.00,0.00,-0.04,-0.17,-0.21,0.22
OLIVER BJORKSTRAND,F,SEA,22-23,692.05,591.57,0.34,-0.01,-0.24,100.42,0.17,-0.34,0.07,0.00,0.00,0.05,0.24,0.29,0.22
JUJHAR KHAIRA,F,CHI,22-23,381.78,309.37,-0.05,0.28,-0.21,23.08,0.02,0.07,49.33,0.07,0.14,-0.16,0.06,-0.10,0.22
ROSS COLTON,F,T.B,22-23,512.72,456.35,0.20,-0.20,0.23,56.33,-0.17,0.10,0.03,0.00,0.00,-0.01,0.06,0.06,0.21
ANDREAS ENGLUND,D,COL,22-23,277.00,266.17,-0.08,0.21,-0.06,0.20,0.00,0.00,10.63,0.00,0.00,0.04,0.11,0.15,0.21
MARK JANKOWSKI,F,NSH,22-23,285.35,241.32,-0.11,0.11,0.09,2.17,0.00,0.00,41.87,-0.03,0.12,0.06,-0.03,0.03,0.21
MIKEY ANDERSON,D,L.A,22-23,997.83,878.57,-0.43,0.56,-0.09,5.72,0.00,-0.01,113.55,-0.15,-0.02,0.09,0.26,0.35,0.21
BRENDEN DILLON,D,WPG,22-23,905.95,794.28,-0.23,0.61,-0.14,4.55,0.01,-0.01,107.12,0.03,-0.01,-0.04,-0.02,-0.05,0.21
TANNER LACZYNSKI,F,PHI,22-23,190.92,183.38,-0.07,0.03,0.22,6.67,0.01,0.00,0.87,0.00,0.00,-0.06,0.07,0.01,0.20
AATU RATY,F,NYI,22-23,56.05,49.27,0.01,0.01,0.29,6.78,0.00,-0.03,0.00,0.00,0.00,-0.03,-0.04,-0.07,0.20
CONOR TIMMINS,D,TOR/ARI,22-23,263.70,238.93,-0.06,0.04,0.14,22.47,0.04,-0.04,2.30,0.00,0.00,-0.03,0.10,0.07,0.19
JAKUB LAUKO,F,BOS,22-23,72.12,66.10,0.01,0.00,0.11,0.22,0.00,0.00,5.80,0.00,-0.01,0.07,0.00,0.08,0.19
DANIIL MIROMANOV,D,VGK,22-23,236.08,217.42,-0.08,-0.05,0.05,17.57,0.04,0.17,1.10,0.00,0.00,-0.02,0.09,0.06,0.19
T.J. OSHIE,F,WSH,22-23,493.30,392.98,-0.13,-0.21,-0.07,99.58,0.50,0.11,0.73,0.00,0.00,0.00,-0.02,-0.02,0.19
RASMUS KUPARI,F,L.A,22-23,313.67,289.12,-0.02,0.18,0.20,1.02,0.00,0.00,23.53,-0.07,-0.04,-0.09,0.03,-0.06,0.19
SAMUEL FAGEMO,F,L.A,22-23,35.43,35.43,0.01,-0.01,0.16,0.00,0.00,0.00,0.00,0.00,0.00,0.02,0.02,0.04,0.19
ADAM LOWRY,F,WPG,22-23,689.45,527.60,0.39,0.19,-0.26,60.83,0.16,-0.35,101.02,-0.21,0.28,-0.21,0.20,-0.01,0.19
TOREY KRUG,D,STL,22-23,593.15,508.88,0.04,-0.34,-0.24,82.37,-0.05,0.59,1.90,0.00,0.00,-0.03,0.23,0.20,0.19
CODY GLASS,F,NSH,22-23,447.15,377.58,0.16,0.20,-0.16,63.53,0.01,-0.08,6.03,-0.01,0.00,-0.08,0.14,0.05,0.19
JUSTIN SCHULTZ,D,SEA,22-23,750.22,654.10,-0.12,0.10,0.48,93.07,-0.02,-0.06,3.05,0.00,0.00,-0.05,-0.14,-0.19,0.19
DREW O'CONNOR,F,PIT,22-23,120.03,111.60,0.03,-0.01,0.15,0.00,0.00,0.00,8.43,0.01,0.00,-0.03,0.03,0.00,0.18
MATT LUFF,F,DET,22-23,58.65,58.65,-0.01,-0.01,0.10,0.00,0.00,0.00,0.00,0.00,0.00,0.06,0.03,0.10,0.18
MATIAS MACCELLI,F,ARI,22-23,447.75,375.65,0.04,0.01,0.14,65.20,-0.05,0.08,6.90,-0.02,0.00,-0.01,-0.01,-0.02,0.18
AUSTIN CZARNIK,F,DET,22-23,136.80,129.47,-0.01,-0.04,0.18,7.33,-0.01,-0.01,0.00,0.00,0.00,0.04,0.04,0.08,0.18
CONNOR MACKEY,D,CGY,22-23,89.12,86.53,-0.01,-0.06,0.31,0.00,0.00,0.00,2.58,0.00,0.00,-0.02,-0.03,-0.05,0.18
RASMUS RISTOLAINEN,D,PHI,22-23,691.88,614.13,-0.01,0.36,-0.20,4.00,0.00,-0.02,73.75,0.02,0.15,-0.10,-0.02,-0.11,0.18
MATT KIERSTED,D,FLA,22-23,196.07,188.00,0.09,0.03,0.06,0.00,0.00,0.00,8.07,0.01,0.00,-0.01,-0.01,-0.02,0.17
NOAH CATES,F,PHI,22-23,777.12,595.98,-0.12,0.51,-0.16,93.95,-0.03,-0.33,87.18,-0.05,0.14,-0.18,0.40,0.22,0.17
NICK FOLIGNO,F,BOS,22-23,535.00,471.45,-0.18,0.15,0.16,56.23,0.01,0.11,7.32,0.01,0.00,-0.09,0.00,-0.09,0.17
NICK BLANKENBURG,D,CBJ,22-23,215.22,194.28,-0.03,0.00,0.19,7.30,0.02,0.00,13.63,0.00,0.00,-0.02,0.00,-0.02,0.17
TOM WILSON,F,WSH,22-23,90.93,77.67,0.01,0.03,0.02,8.72,0.02,0.08,4.55,0.01,0.00,0.03,-0.02,0.00,0.17
RYAN HARTMAN,F,MIN,22-23,325.18,282.85,0.26,-0.04,0.14,24.78,0.04,-0.20,17.55,0.01,-0.01,0.09,-0.12,-0.03,0.17
MASON MARCHMENT,F,DAL,22-23,729.30,646.00,0.23,0.21,-0.41,82.43,0.20,-0.35,0.87,0.00,0.00,0.29,0.00,0.29,0.17
PHILIPPE MYERS,D,T.B,22-23,126.65,121.03,0.03,0.04,0.10,0.00,0.00,0.00,5.62,-0.01,0.00,0.01,-0.01,0.00,0.16
ADAM RUZICKA,F,CGY,22-23,429.80,358.03,0.12,0.06,0.03,71.22,-0.20,0.11,0.55,0.00,0.00,-0.04,0.09,0.05,0.16
CHRISTIAN FISCHER,F,ARI,22-23,665.98,563.88,0.11,-0.19,0.40,7.43,-0.01,0.00,94.67,-0.11,0.09,-0.16,0.04,-0.13,0.16
JAYCOB MEGNA,D,S.J,22-23,794.70,716.67,-0.12,0.19,-0.17,2.50,0.00,-0.01,75.53,0.19,0.00,-0.05,0.11,0.07,0.16
WALKER DUEHR,F,CGY,22-23,47.23,46.80,0.01,0.01,0.13,0.43,0.00,0.00,0.00,0.00,0.00,0.00,0.00,0.00,0.15
COLIN BLACKWELL,F,CHI,22-23,430.37,373.78,-0.12,-0.10,-0.25,2.42,0.00,-0.01,54.17,0.27,-0.07,0.19,0.24,0.43,0.15
JAKUB VRANA,F,DET,22-23,23.20,18.82,0.01,-0.01,0.13,4.38,0.00,-0.02,0.00,0.00,0.00,0.03,0.01,0.04,0.15
JOSH MANSON,D,COL,22-23,350.73,307.80,-0.02,0.09,0.15,0.17,0.00,0.00,42.77,0.12,0.00,0.06,-0.27,-0.20,0.15
STEVEN LORENTZ,F,S.J,22-23,488.87,452.20,0.26,0.05,-0.05,8.07,0.01,-0.02,28.60,0.05,-0.06,-0.11,0.01,-0.10,0.15
TYLER PITLICK,F,STL,22-23,284.48,281.65,-0.07,0.10,0.11,1.50,0.00,0.00,1.33,0.00,0.00,-0.04,0.05,0.01,0.15
MICHAEL RASMUSSEN,F,DET,22-23,616.70,524.12,0.33,0.08,-0.39,27.58,-0.01,-0.09,65.00,0.08,-0.03,0.16,0.01,0.17,0.15
JAMES VAN RIEMSDYK,F,PHI,22-23,393.33,320.97,0.21,0.00,0.04,72.35,0.02,-0.03,0.02,0.00,0.00,-0.13,0.03,-0.10,0.15
BOWEN BYRAM,D,COL,22-23,204.50,181.05,-0.04,-0.06,0.06,11.85,0.01,-0.06,11.60,0.00,0.18,0.02,0.03,0.06,0.15
BEN HUTTON,D,VGK,22-23,245.18,234.38,-0.02,0.14,-0.13,7.10,0.01,0.00,3.70,0.00,0.00,0.09,0.05,0.14,0.14
JUSTIN DANFORTH,F,CBJ,22-23,79.70,64.92,0.04,0.01,0.19,11.18,0.00,-0.09,3.60,0.00,-0.01,0.03,-0.03,0.00,0.14
ANTON LUNDELL,F,FLA,22-23,604.17,438.57,-0.14,0.17,0.15,87.92,0.13,-0.32,77.68,0.11,0.09,0.02,-0.07,-0.05,0.14
ZAC DALPE,F,FLA,22-23,104.62,101.30,-0.05,-0.03,0.25,1.13,0.00,0.00,2.18,0.00,0.00,-0.05,0.02,-0.03,0.14
MORGAN FROST,F,PHI,22-23,676.60,558.32,-0.07,0.06,0.70,108.78,-0.29,-0.28,9.50,0.02,-0.02,-0.02,0.04,0.02,0.14
NICHOLAS ROBERTSON,F,TOR,22-23,160.30,144.17,0.02,0.00,0.07,15.72,0.00,-0.08,0.42,0.00,0.00,0.03,0.09,0.12,0.13
JOSH NORRIS,F,OTT,22-23,125.95,91.48,0.04,0.03,-0.03,21.85,0.05,-0.08,12.62,-0.02,0.00,0.12,0.03,0.15,0.13
MORITZ SEIDER,D,DET,22-23,984.02,746.17,-0.03,0.49,0.03,134.22,-0.17,0.01,103.63,-0.55,0.00,0.10,0.25,0.34,0.13
PHILIP BROBERG,D,EDM,22-23,275.32,246.50,0.13,0.10,-0.05,3.35,0.01,-0.06,25.47,-0.03,0.00,-0.07,0.11,0.04,0.13
COLIN WHITE,F,FLA,22-23,442.80,412.50,-0.20,0.21,0.16,29.07,-0.10,-0.04,1.23,0.00,0.00,-0.04,0.14,0.09,0.13
TREVOR MOORE,F,L.A,22-23,639.53,495.17,0.14,0.20,-0.29,84.32,0.08,-0.23,60.05,0.02,-0.04,0.04,0.21,0.25,0.13
RADKO GUDAS,D,FLA,22-23,658.15,556.28,-0.12,0.47,0.02,4.00,0.00,0.00,97.87,-0.05,0.00,0.21,-0.41,-0.20,0.13
TRAVIS DERMOTT,D,VAN,22-23,109.02,99.32,0.00,0.00,0.15,0.65,0.00,0.00,9.05,-0.02,0.00,-0.03,0.02,-0.01,0.12
VITALI KRAVTSOV,F,NYR,22-23,299.92,283.98,0.01,0.11,0.09,15.93,0.06,-0.04,0.00,0.00,0.00,-0.16,0.06,-0.10,0.12
PARKER WOTHERSPOON,D,NYI,22-23,144.68,141.22,0.13,0.06,-0.04,0.00,0.00,0.00,3.47,0.00,0.00,-0.04,0.00,-0.04,0.12
LIAM O'BRIEN,F,ARI,22-23,333.67,300.33,-0.14,0.18,-0.04,1.03,0.00,0.00,32.30,0.19,-0.03,0.09,-0.11,-0.03,0.12
EVGENY SVECHNIKOV,F,S.J,22-23,356.68,345.17,-0.13,-0.12,0.19,11.52,-0.01,-0.02,0.00,0.00,0.00,0.17,0.05,0.22,0.12
DARNELL NURSE,D,EDM,22-23,"1,098.35",919.63,0.42,0.13,0.12,43.38,-0.07,-0.09,135.33,-0.39,0.15,-0.05,-0.10,-0.15,0.12
NATHAN BASTIAN,F,N.J,22-23,284.93,207.27,0.11,0.09,-0.06,39.13,0.00,-0.21,38.53,0.21,-0.04,0.00,0.01,0.01,0.11
CALVIN DE HAAN,D,CAR,22-23,462.62,446.33,0.03,0.18,-0.09,0.22,0.00,0.00,16.07,0.05,0.00,-0.04,-0.02,-0.06,0.11
EMIL BEMSTROM,F,CBJ,22-23,234.23,205.93,0.00,-0.01,0.06,28.30,0.06,-0.04,0.00,0.00,0.00,-0.05,0.09,0.05,0.11
LUKAS REICHEL,F,CHI,22-23,57.70,53.30,0.03,-0.01,0.02,4.40,0.00,-0.01,0.00,0.00,0.00,0.04,0.03,0.08,0.11
JAKOB CHYCHRUN,D,ARI,22-23,647.80,552.48,0.20,-0.02,-0.32,82.05,0.17,0.15,13.27,0.00,0.00,-0.12,0.04,-0.09,0.10
MARK FRIEDMAN,D,PIT,22-23,120.93,107.07,0.00,-0.01,0.13,0.05,0.00,0.00,13.82,-0.08,0.00,0.08,-0.01,0.07,0.10
ALIAKSEI PROTAS,F,WSH,22-23,442.28,433.45,0.02,0.34,-0.21,4.23,0.00,-0.02,4.60,0.00,0.00,-0.19,0.17,-0.02,0.10
JEFF PETRY,D,PIT,22-23,642.82,509.27,-0.05,0.26,0.01,76.40,-0.03,0.22,57.15,-0.12,0.00,-0.12,-0.06,-0.19,0.10
ISAAK PHILLIPS,D,CHI,22-23,159.12,148.28,0.04,-0.07,0.08,0.22,0.00,0.00,10.62,-0.03,0.00,0.00,0.08,0.08,0.10
JAKE NEIGHBOURS,F,STL,22-23,267.40,246.53,0.02,-0.02,0.15,20.08,0.05,-0.07,0.78,0.00,0.00,-0.14,0.11,-0.03,0.10
NICK COUSINS,F,FLA,22-23,492.70,481.07,0.22,-0.29,0.06,10.70,-0.02,-0.04,0.93,0.00,0.00,0.12,0.05,0.17,0.10
JOSEPH CRAMAROSSA,F,MIN,22-23,30.85,30.50,0.00,-0.01,0.14,0.00,0.00,0.00,0.35,0.00,0.00,0.02,-0.06,-0.04,0.10
DRYDEN HUNT,F,COL/TOR/NYR,22-23,297.12,295.60,-0.19,0.06,0.18,1.45,0.00,0.00,0.07,0.00,0.00,0.11,-0.06,0.05,0.10
HUDSON FASCHING,F,NYI,22-23,233.60,228.33,0.12,-0.01,0.02,5.25,-0.01,0.00,0.02,0.00,0.00,-0.05,0.02,-0.03,0.10
KAEDAN KORCZAK,D,VGK,22-23,119.72,116.03,0.06,0.01,-0.08,0.00,0.00,0.00,3.68,0.00,0.00,0.05,0.06,0.11,0.10
STEVEN SANTINI,D,STL,22-23,50.03,47.08,0.01,0.02,-0.02,0.07,0.00,0.00,2.88,0.00,0.00,0.10,-0.01,0.09,0.09
SHANE WRIGHT,F,SEA,22-23,67.62,64.43,0.03,0.01,0.05,3.18,0.00,0.00,0.00,0.00,0.00,0.00,0.00,0.00,0.09
BRETT KULAK,D,EDM,22-23,846.30,747.57,-0.12,0.00,0.00,2.10,0.00,0.00,96.63,0.13,0.00,-0.13,0.21,0.08,0.09
DERICK BRASSARD,F,OTT,22-23,466.97,383.83,-0.02,-0.15,0.03,68.62,0.34,-0.02,14.52,0.01,0.00,-0.02,-0.08,-0.10,0.09
KYLE CAPOBIANCO,D,WPG,22-23,97.00,90.20,-0.04,-0.01,0.16,5.75,0.00,-0.01,1.05,0.00,0.00,-0.02,0.01,-0.01,0.09
PIERRE-OLIVIER JOSEPH,D,PIT,22-23,612.03,562.30,0.36,-0.37,-0.11,46.85,0.23,0.08,2.88,0.00,0.00,0.04,-0.13,-0.10,0.09
TY SMITH,D,PIT,22-23,179.13,131.45,-0.03,0.00,0.08,47.57,0.05,-0.07,0.12,0.00,0.00,0.03,0.02,0.05,0.09
CALEB JONES,D,CHI,22-23,605.58,533.38,0.15,0.19,-0.20,56.65,0.10,-0.09,15.55,0.03,0.00,-0.04,-0.06,-0.10,0.09
ALEX KERFOOT,F,TOR,22-23,664.53,546.37,-0.19,0.31,-0.45,35.27,-0.01,0.22,82.90,0.02,0.00,0.15,0.04,0.18,0.09
LUKAS SEDLAK,F,PHI/COL,22-23,364.33,305.00,0.17,0.14,-0.11,10.78,0.01,-0.03,48.55,-0.06,-0.12,0.07,0.02,0.09,0.08
MATT GRZELCYK,D,BOS,22-23,693.50,664.60,-0.23,0.25,0.25,20.60,-0.02,-0.04,8.30,0.01,0.00,-0.13,-0.01,-0.15,0.08
SIMON HOLMSTROM,F,NYI,22-23,217.58,210.17,-0.02,0.04,-0.04,2.90,0.00,0.00,4.52,-0.02,0.00,0.00,0.12,0.12,0.08
JUUSO PARSSINEN,F,NSH,22-23,476.10,403.90,0.17,-0.03,-0.22,71.30,-0.03,0.09,0.90,0.00,0.00,-0.10,0.19,0.09,0.07
A.J. GREER,F,BOS,22-23,264.00,263.03,0.09,0.05,0.15,0.67,0.00,0.00,0.30,0.00,0.00,-0.14,-0.08,-0.22,0.07
RASMUS ASPLUND,F,BUF,22-23,287.00,255.40,0.03,-0.06,-0.09,0.82,0.00,0.00,30.78,-0.05,0.04,0.04,0.16,0.20,0.07
ROBBY FABBRI,F,DET,22-23,125.18,110.82,-0.02,-0.03,0.02,14.37,0.00,0.14,0.00,0.00,0.00,-0.03,0.00,-0.03,0.07
MATHIEU JOSEPH,F,OTT,22-23,364.40,288.58,0.09,-0.03,-0.38,15.92,-0.02,0.14,59.90,0.11,0.03,0.11,0.02,0.13,0.07
ANTHONY RICHARD,F,MTL,22-23,69.38,67.07,-0.01,0.00,0.08,2.32,0.00,0.00,0.00,0.00,0.00,0.00,0.00,0.00,0.07
RADEK FAKSA,F,DAL,22-23,608.60,506.65,-0.12,0.29,-0.11,10.45,0.00,-0.08,91.50,0.13,0.16,-0.17,-0.03,-0.20,0.07
BECK MALENSTYN,F,WSH,22-23,41.98,41.87,0.00,-0.01,0.12,0.12,0.00,0.00,0.00,0.00,0.00,-0.02,-0.01,-0.04,0.07
AXEL JONSSON-FJALLBY,F,WPG,22-23,436.28,396.90,-0.14,0.26,-0.04,1.15,0.00,0.00,38.23,-0.09,-0.02,-0.08,0.17,0.09,0.07
MATEJ BLUMEL,F,DAL,22-23,57.87,56.87,0.01,-0.02,0.08,1.00,0.00,0.00,0.00,0.00,0.00,0.00,0.00,0.00,0.07
COLE KOEPKE,F,T.B,22-23,154.57,151.87,0.02,-0.03,-0.05,0.12,0.00,0.00,2.58,0.00,0.00,0.07,0.05,0.12,0.06
CAL CLUTTERBUCK,F,NYI,22-23,404.38,336.38,-0.12,0.06,0.05,1.48,0.00,0.00,66.52,0.18,-0.02,-0.06,-0.04,-0.10,0.06
STEFAN NOESEN,F,CAR,22-23,503.60,378.88,0.36,0.07,-0.93,124.45,0.52,0.07,0.27,0.00,0.00,-0.09,0.06,-0.03,0.06
MARTIN FEHERVARY,D,WSH,22-23,695.98,641.95,-0.56,0.08,0.18,1.37,0.00,-0.01,52.67,0.10,0.00,0.09,0.17,0.27,0.06
NICK BONINO,F,S.J,22-23,671.38,517.98,-0.10,0.23,0.25,65.98,-0.09,-0.15,87.42,0.01,0.00,-0.20,0.11,-0.09,0.05
LIBOR HAJEK,D,NYR,22-23,211.63,210.00,-0.11,0.03,0.15,0.00,0.00,0.00,1.63,0.00,0.00,-0.05,0.03,-0.02,0.05
SAM GAGNER,F,WPG,22-23,504.77,437.12,0.04,0.01,0.35,66.98,-0.29,-0.01,0.67,0.00,0.00,-0.19,0.13,-0.06,0.05
ANDREAS ATHANASIOU,F,CHI,22-23,648.77,578.15,0.24,-0.02,0.05,66.40,-0.08,-0.18,4.22,-0.01,0.00,-0.02,0.06,0.05,0.04
ALEKSI HEPONIEMI,F,FLA,22-23,85.02,84.07,-0.02,-0.01,0.07,0.77,0.00,0.00,0.18,0.00,0.00,-0.01,0.01,0.00,0.04
SAMUEL ERSSON,G,PHI,22-23,357.28,284.03,0.03,-0.01,0.00,34.92,0.02,0.00,38.33,0.00,0.00,0.00,0.00,0.00,0.04
CARSON SOUCY,D,SEA,22-23,726.17,641.25,0.12,-0.03,0.06,5.67,0.01,-0.01,79.25,0.24,0.00,-0.10,-0.26,-0.36,0.04
FILIP HALLANDER,F,PIT,22-23,19.93,15.72,0.00,0.00,0.00,0.00,0.00,0.00,4.22,0.00,0.00,0.03,0.01,0.04,0.04
WILLIAM BITTEN,F,STL,22-23,26.58,26.58,0.00,0.00,0.00,0.00,0.00,0.00,0.00,0.00,0.00,0.02,0.01,0.04,0.03
KRISTIAN REICHEL,F,WPG,22-23,21.12,21.12,0.00,0.01,-0.02,0.00,0.00,0.00,0.00,0.00,0.00,0.03,0.01,0.04,0.03
STEVEN FOGARTY,F,MIN,22-23,20.63,19.30,0.00,0.00,0.00,1.33,0.00,-0.01,0.00,0.00,0.00,0.03,0.01,0.04,0.03
LUCAS JOHANSEN,D,WSH,22-23,25.32,25.32,0.00,0.00,-0.02,0.00,0.00,0.00,0.00,0.00,0.00,0.03,0.01,0.04,0.03
EGOR ZAMULA,D,PHI,22-23,149.73,144.00,-0.05,0.01,-0.02,4.90,0.00,0.00,0.83,0.00,0.00,0.00,0.08,0.08,0.03
BRETT SENEY,F,CHI,22-23,30.50,28.93,0.01,0.00,-0.03,1.57,0.00,0.00,0.00,0.00,0.00,0.02,0.02,0.04,0.03
SAMUEL WALKER,F,MIN,22-23,57.82,57.82,0.01,0.01,-0.07,0.00,0.00,0.00,0.00,0.00,0.00,0.04,0.03,0.08,0.03
RADIM ZOHORNA,F,CGY,22-23,66.08,61.47,0.00,-0.01,-0.05,4.62,0.00,0.00,0.00,0.00,0.00,0.04,0.04,0.08,0.02
NIC PETAN,F,MIN,22-23,90.00,87.20,0.02,0.02,-0.05,2.80,0.00,0.00,0.00,0.00,0.00,0.03,0.01,0.04,0.02
CRAIG SMITH,F,BOS,22-23,300.80,295.38,0.19,-0.06,-0.03,5.32,0.00,-0.02,0.10,0.00,0.00,-0.01,-0.06,-0.06,0.02
SAM BENNETT,F,FLA,22-23,821.77,652.73,0.96,-0.21,-0.61,104.08,0.18,0.03,64.95,0.09,-0.08,0.02,-0.36,-0.35,0.02
KIEFER SHERWOOD,F,NSH,22-23,50.13,47.88,0.00,0.01,0.08,2.25,0.00,0.00,0.00,0.00,0.00,0.01,-0.08,-0.07,0.01
DENNIS GILBERT,D,CGY,22-23,81.32,80.78,0.01,0.03,-0.02,0.02,0.00,0.00,0.52,0.00,0.00,0.00,0.00,0.00,0.01
VILLE HEINOLA,D,WPG,22-23,130.73,121.95,-0.02,0.01,-0.02,8.65,-0.01,-0.01,0.13,0.00,0.00,0.04,0.03,0.07,0.01
BLAKE COLEMAN,F,CGY,22-23,678.40,607.17,0.42,0.19,-0.43,5.93,0.00,-0.04,65.30,0.18,0.01,-0.13,-0.18,-0.31,0.01
MIKE REILLY,D,BOS,22-23,165.35,152.27,0.02,0.01,-0.07,10.28,0.02,-0.01,2.80,0.00,0.00,0.00,0.05,0.05,0.01
SEAN KURALY,F,CBJ,22-23,602.13,492.12,-0.14,0.08,0.20,4.68,0.00,-0.03,105.33,0.07,0.07,-0.09,-0.15,-0.24,0.01
GUILLAUME BRISEBOIS,D,VAN,22-23,49.80,43.05,0.02,0.01,-0.02,0.00,0.00,0.00,6.75,0.01,0.00,0.00,0.00,0.00,0.01
HAYDN FLEURY,D,T.B,22-23,241.25,221.80,-0.16,0.07,-0.11,0.05,0.00,0.00,19.40,-0.01,0.00,0.09,0.13,0.22,0.01
ZACH SANFORD,F,NSH,22-23,94.70,79.68,0.00,0.00,0.06,15.02,-0.02,-0.05,0.00,0.00,0.00,-0.01,0.02,0.00,0.01
KEVIN BAHL,D,N.J,22-23,149.02,142.82,0.01,0.02,0.11,0.72,0.00,0.00,5.48,0.00,0.00,-0.04,-0.11,-0.15,0.01
BUDDY ROBINSON,F,CHI,22-23,11.05,9.98,0.00,0.00,0.00,0.00,0.00,0.00,1.07,0.00,0.00,0.00,0.00,0.00,0.00
ANDREAS JOHNSSON,F,N.J,22-23,9.47,9.47,0.00,0.00,0.00,0.00,0.00,0.00,0.00,0.00,0.00,0.00,0.00,0.00,0.00
NIKITA ZAITSEV,D,OTT,22-23,315.93,262.77,-0.09,-0.06,-0.02,0.18,0.00,0.00,52.98,0.12,0.00,0.00,0.05,0.05,0.00
SCOTT HARRINGTON,D,S.J,22-23,254.13,245.68,0.09,-0.09,0.04,1.83,0.00,0.00,6.62,0.01,0.00,-0.06,0.02,-0.04,0.00
SEMYON DER-ARGUCHINTSEV,F,TOR,22-23,7.27,6.37,0.00,0.00,0.00,0.90,0.00,0.00,0.00,0.00,0.00,0.00,0.00,0.00,0.00
SAKU MAENALANEN,F,WPG,22-23,346.70,313.28,-0.26,-0.06,0.24,1.08,0.00,0.00,32.33,0.17,-0.03,-0.07,0.01,-0.06,0.00
JACOB LUCCHINI,F,OTT,22-23,127.82,108.10,-0.01,0.05,-0.18,13.62,0.00,0.13,6.10,0.01,-0.01,0.00,0.00,0.00,0.00
WILLIAM DUFOUR,F,NYI,22-23,6.80,6.80,0.00,0.00,0.00,0.00,0.00,0.00,0.00,0.00,0.00,0.00,0.00,0.00,0.00
HAYDEN HODGSON,F,PHI,22-23,4.63,4.63,0.00,0.00,0.00,0.00,0.00,0.00,0.00,0.00,0.00,0.00,0.00,0.00,0.00
DENNIS CHOLOWSKI,D,NYI,22-23,25.00,20.42,0.00,0.00,0.00,4.58,0.00,0.00,0.00,0.00,0.00,0.00,0.00,0.00,0.00
NICK DESIMONE,D,CGY,22-23,44.20,41.18,0.00,0.01,-0.02,0.20,0.00,0.00,2.82,0.00,0.00,0.03,-0.01,0.01,0.00
SHELDON REMPAL,F,VGK,22-23,7.73,7.73,0.00,0.00,0.00,0.00,0.00,0.00,0.00,0.00,0.00,0.00,0.00,0.00,0.00
CALE FLEURY,D,SEA,22-23,91.97,89.68,0.05,0.00,-0.05,0.87,0.00,0.00,1.42,0.00,0.00,0.00,0.00,0.00,0.00
DILLON HEATHERINGTON,D,OTT,22-23,27.80,27.63,0.00,0.00,0.00,0.00,0.00,0.00,0.17,0.00,0.00,0.00,0.00,0.00,0.00
JONATHAN GRUDEN,F,PIT,22-23,15.98,14.57,0.00,0.00,0.00,0.00,0.00,0.00,1.42,0.00,0.00,0.00,0.00,0.00,0.00
JOSHUA DUNNE,F,CBJ,22-23,16.95,16.95,0.00,0.00,0.00,0.00,0.00,0.00,0.00,0.00,0.00,0.00,0.00,0.00,0.00
GABRIEL FORTIER,F,T.B,22-23,8.42,8.42,0.00,0.00,0.00,0.00,0.00,0.00,0.00,0.00,0.00,0.00,0.00,0.00,0.00
JUSTIN KIRKLAND,F,ANA,22-23,50.50,50.47,0.02,0.01,-0.07,0.03,0.00,0.00,0.00,0.00,0.00,0.01,0.03,0.04,0.00
JARET ANDERSON-DOLAN,F,L.A,22-23,320.73,308.20,-0.08,-0.04,0.08,6.97,0.00,-0.02,5.57,0.00,-0.02,-0.09,0.18,0.09,0.00
ALEX ALEXEYEV,D,WSH,22-23,148.55,145.42,-0.07,0.03,-0.05,0.00,0.00,0.00,3.13,0.00,0.00,0.06,0.04,0.10,0.00
TUCKER POOLMAN,D,VAN,22-23,41.60,38.18,-0.01,0.01,-0.01,0.22,0.00,0.00,3.20,0.00,0.00,0.00,0.00,0.00,-0.01
TYLER JOHNSON,F,CHI,22-23,300.52,259.30,-0.11,0.06,0.05,40.10,0.04,0.02,1.12,0.00,0.00,-0.08,0.02,-0.06,-0.01
ONDREJ KASE,F,CAR,22-23,11.03,9.13,0.00,0.00,-0.01,1.22,0.00,0.00,0.68,0.00,0.00,0.00,0.00,0.00,-0.01
ANTON LEVTCHI,F,FLA,22-23,19.15,18.42,0.00,0.00,0.00,0.73,0.00,0.00,0.00,0.00,0.00,0.00,0.00,0.00,-0.01
ALEX HOLTZ,F,N.J,22-23,178.85,147.87,-0.07,-0.06,0.06,30.98,-0.03,0.16,0.00,0.00,0.00,-0.02,-0.05,-0.07,-0.01
CALLAHAN BURKE,F,COL,22-23,17.62,17.02,0.00,0.00,0.00,0.00,0.00,0.00,0.60,0.00,0.00,0.00,0.00,0.00,-0.01
MAXIME LAJOIE,D,CAR,22-23,23.55,23.20,0.00,0.00,-0.01,0.15,0.00,0.00,0.20,0.00,0.00,0.00,0.00,0.00,-0.01
AUSTIN STRAND,D,ANA,22-23,62.02,61.95,0.01,0.03,-0.03,0.07,0.00,0.00,0.00,0.00,0.00,-0.02,-0.01,-0.02,-0.01
OSKAR OLAUSSON,F,COL,22-23,7.03,7.03,0.00,0.00,-0.01,0.00,0.00,0.00,0.00,0.00,0.00,0.00,0.00,0.00,-0.01
CHRIS WAGNER,F,BOS,22-23,12.60,11.82,0.00,0.00,-0.01,0.00,0.00,0.00,0.78,0.00,0.00,0.00,0.00,0.00,-0.01
DYSIN MAYO,D,ARI,22-23,154.28,136.78,-0.08,0.01,-0.06,0.37,0.00,0.00,17.13,0.00,0.00,0.11,0.01,0.12,-0.01
JAKE CHRISTIANSEN,D,CBJ,22-23,235.13,233.07,0.01,0.08,-0.14,1.45,0.00,0.00,0.62,0.00,-0.03,0.02,0.05,0.06,-0.01
BARRETT HAYTON,F,ARI,22-23,699.50,555.10,0.04,0.36,-0.24,80.90,0.16,-0.31,63.50,-0.27,-0.02,0.12,0.17,0.29,-0.01
GLENN GAWDIN,F,ANA,22-23,28.77,21.87,0.00,0.00,-0.02,1.88,0.00,-0.02,5.02,0.01,0.00,0.00,0.00,0.00,-0.01
NOAH JUULSEN,D,VAN,22-23,22.12,21.72,-0.01,0.00,-0.01,0.00,0.00,0.00,0.40,0.00,0.00,0.00,0.00,0.00,-0.01
JACOB PETERSON,F,DAL,22-23,12.02,11.97,0.00,0.00,-0.02,0.05,0.00,0.00,0.00,0.00,0.00,0.00,0.00,0.00,-0.01
LIAS ANDERSSON,F,L.A,22-23,8.62,8.62,0.00,-0.01,-0.01,0.00,0.00,0.00,0.00,0.00,0.00,0.00,0.00,0.00,-0.01
TYCE THOMPSON,F,N.J,22-23,17.30,17.30,0.00,0.00,-0.01,0.00,0.00,0.00,0.00,0.00,0.00,0.00,0.00,0.00,-0.02
JACK RATHBONE,D,VAN,22-23,91.78,83.80,0.00,-0.04,-0.05,7.82,0.03,-0.01,0.17,0.00,0.00,0.01,0.05,0.06,-0.02
JACOB MACDONALD,D,COL,22-23,264.93,253.10,0.07,0.08,-0.28,10.33,-0.01,-0.03,1.50,0.00,0.00,0.16,0.00,0.16,-0.02
TYLER BENSON,F,EDM,22-23,12.57,12.07,0.00,0.00,-0.02,0.50,0.00,0.00,0.00,0.00,0.00,0.00,0.00,0.00,-0.02
CONNOR MCMICHAEL,F,WSH,22-23,53.15,53.08,0.01,-0.04,-0.03,0.07,0.00,0.00,0.00,0.00,0.00,0.01,0.03,0.04,-0.02
BRIAN DUMOULIN,D,PIT,22-23,890.28,749.72,-0.15,0.14,-0.20,2.32,0.00,0.00,138.25,-0.29,0.00,0.19,0.28,0.47,-0.02
MIKHAIL MALTSEV,F,COL,22-23,32.98,32.98,0.00,0.00,-0.02,0.00,0.00,0.00,0.00,0.00,0.00,0.00,0.00,0.00,-0.02
JOHNATHAN KOVACEVIC,D,MTL,22-23,711.67,629.13,0.01,0.18,-0.24,0.92,0.00,0.00,81.62,-0.02,0.00,0.01,0.03,0.04,-0.02
JACOB MOVERARE,D,L.A,22-23,29.47,29.47,0.00,0.01,-0.03,0.00,0.00,0.00,0.00,0.00,0.00,0.00,0.00,0.00,-0.02
LOGAN STANLEY,D,WPG,22-23,94.82,84.02,0.04,0.01,-0.02,0.00,0.00,0.00,10.80,0.01,-0.01,-0.02,-0.03,-0.05,-0.02
ALEX BARRE-BOULET,F,T.B,22-23,10.02,9.92,0.00,0.00,-0.02,0.00,0.00,0.00,0.10,0.00,0.00,0.00,0.00,0.00,-0.02
RILEY TUFTE,F,DAL,22-23,23.67,23.67,-0.01,0.00,-0.01,0.00,0.00,0.00,0.00,0.00,0.00,0.00,0.00,0.00,-0.02
DRAKE CAGGIULA,F,PIT,22-23,22.38,22.38,0.00,-0.01,-0.01,0.00,0.00,0.00,0.00,0.00,0.00,0.00,0.00,0.00,-0.02
CHAD RUHWEDEL,D,PIT,22-23,358.25,313.98,0.11,0.12,-0.12,0.00,0.00,0.00,44.27,-0.08,0.00,-0.05,0.00,-0.05,-0.02
CARL GRUNDSTROM,F,L.A,22-23,407.10,375.13,-0.03,-0.04,0.15,4.85,0.00,0.16,27.12,-0.06,-0.02,-0.14,-0.03,-0.17,-0.02
KEVIN GRAVEL,D,NSH,22-23,58.35,50.77,-0.01,-0.01,-0.02,0.00,0.00,0.00,7.58,0.00,0.00,0.00,0.00,0.00,-0.03
ANDERS BJORK,F,BUF,22-23,9.10,9.10,0.00,0.00,-0.03,0.00,0.00,0.00,0.00,0.00,0.00,0.00,0.00,0.00,-0.03
ANTHONY CIRELLI,F,T.B,22-23,334.40,284.55,0.47,0.06,-0.81,5.45,0.01,0.14,44.40,0.02,-0.01,-0.10,0.19,0.09,-0.03
JORDAN SPENCE,D,L.A,22-23,42.92,41.93,0.01,0.00,-0.09,0.05,0.00,0.00,0.93,0.00,0.00,0.03,0.02,0.05,-0.03
FILIP KRAL,D,TOR,22-23,19.92,18.05,0.00,0.00,0.00,0.00,0.00,0.00,1.87,0.00,0.00,0.00,-0.03,-0.03,-0.03
FREDRIK OLOFSSON,F,DAL,22-23,114.65,114.17,0.03,0.01,-0.08,0.48,0.00,0.00,0.00,0.00,0.00,-0.02,0.03,0.00,-0.03
IVAN BARBASHEV,F,STL,22-23,738.43,622.32,0.11,-0.29,0.21,86.03,0.04,-0.28,30.08,0.05,-0.08,0.14,0.08,0.21,-0.03
GUSTAV OLOFSSON,D,SEA,22-23,38.68,36.35,0.00,-0.01,-0.03,0.05,0.00,0.00,2.28,0.00,0.00,0.00,0.00,0.00,-0.03
NILS LUNDKVIST,D,DAL,22-23,733.28,669.77,0.21,-0.26,0.07,61.33,0.01,0.07,2.18,0.00,0.00,-0.03,-0.11,-0.14,-0.03
TIM BERNI,D,CBJ,22-23,387.23,366.78,0.07,0.27,-0.12,5.70,0.00,0.00,14.75,0.00,0.00,-0.06,-0.20,-0.26,-0.03
TREY FIX-WOLANSKY,F,CBJ,22-23,39.75,37.15,0.01,0.00,-0.08,2.60,0.00,0.00,0.00,0.00,0.00,0.02,0.02,0.04,-0.04
CJ SUESS,F,S.J,22-23,5.73,5.73,0.00,0.00,0.00,0.00,0.00,0.00,0.00,0.00,0.00,0.00,-0.03,-0.04,-0.04
JORDAN OESTERLE,D,DET,22-23,473.22,464.80,-0.24,-0.15,0.18,0.80,0.00,0.00,7.62,0.01,0.00,0.03,0.13,0.17,-0.04
MICHAEL EYSSIMONT,F,WPG/S.J,22-23,261.72,249.28,0.11,0.21,-0.43,12.43,-0.01,-0.08,0.00,0.00,0.00,0.09,0.07,0.16,-0.04
LUCAS CARLSSON,D,FLA,22-23,19.80,19.50,0.00,0.00,-0.01,0.00,0.00,0.00,0.30,0.00,0.00,0.00,-0.03,-0.03,-0.04
JEREMY DAVIES,D,BUF,22-23,8.47,8.47,0.00,0.00,0.00,0.00,0.00,0.00,0.00,0.00,0.00,0.00,-0.03,-0.04,-0.04
NIKITA SOSHNIKOV,F,NYI,22-23,28.90,26.40,0.00,0.00,-0.05,0.00,0.00,0.00,2.50,0.00,-0.04,0.02,0.02,0.04,-0.04
JEFFREY VIEL,F,S.J,22-23,7.37,7.37,0.00,0.00,0.00,0.00,0.00,0.00,0.00,0.00,0.00,0.00,-0.03,-0.04,-0.04
DYLAN COGHLAN,D,CAR,22-23,125.92,107.68,0.05,0.01,-0.12,17.83,0.01,-0.07,0.40,0.00,0.00,0.04,0.03,0.07,-0.04
DYLAN HOLLOWAY,F,EDM,22-23,397.45,368.02,0.15,-0.01,-0.20,29.15,0.05,-0.11,0.28,0.00,0.00,0.23,-0.15,0.08,-0.04
MARK BOROWIECKI,D,NSH,22-23,38.90,34.32,0.00,0.00,-0.01,0.00,0.00,0.00,4.58,0.00,0.00,-0.01,-0.02,-0.03,-0.04
COLE BARDREAU,F,NYI,22-23,6.62,6.62,0.00,0.00,-0.01,0.00,0.00,0.00,0.00,0.00,0.00,0.00,-0.03,-0.04,-0.04
ROURKE CHARTIER,F,OTT,22-23,60.67,51.00,0.01,0.00,-0.08,0.37,0.00,0.00,9.30,0.01,-0.06,0.04,0.03,0.08,-0.04
NOLAN FOOTE,F,N.J,22-23,20.95,20.95,0.01,0.00,-0.05,0.00,0.00,0.00,0.00,0.00,0.00,0.00,0.00,0.00,-0.05
JOONA KOPPANEN,F,BOS,22-23,19.08,16.20,0.00,0.00,0.00,0.00,0.00,0.00,2.88,0.00,-0.01,-0.01,-0.03,-0.04,-0.05
TOBIAS BJORNFOT,D,L.A,22-23,60.02,55.18,-0.01,-0.01,-0.03,0.22,0.00,0.00,4.62,0.00,0.00,0.00,0.00,0.00,-0.05
ANTHONY BEAUVILLIER,F,NYI,22-23,675.33,596.27,0.04,-0.14,0.26,62.13,-0.05,-0.21,16.93,-0.01,-0.04,-0.13,0.23,0.10,-0.05
DARREN HELM,F,COL,22-23,47.07,38.43,-0.01,-0.01,-0.04,0.00,0.00,0.00,8.63,-0.01,-0.02,0.01,0.03,0.04,-0.05
JACKSON CATES,F,PHI,22-23,44.88,44.70,0.00,-0.01,-0.07,0.18,0.00,0.00,0.00,0.00,0.00,0.01,0.03,0.04,-0.05
LOGAN BROWN,F,STL,22-23,83.87,78.43,-0.01,0.00,-0.05,5.43,0.00,0.00,0.00,0.00,0.00,0.00,0.00,0.00,-0.05
MATTIAS SAMUELSSON,D,BUF,22-23,676.37,577.42,0.01,0.20,-0.05,3.00,0.00,0.00,95.95,-0.24,0.00,-0.05,0.09,0.03,-0.05
ANTON STRALMAN,D,BOS,22-23,122.88,115.58,0.04,-0.04,-0.03,0.00,0.00,0.00,7.30,-0.01,0.00,-0.03,0.03,0.00,-0.05
ZAC JONES,D,NYR,22-23,249.15,233.40,0.01,-0.14,0.11,14.38,-0.03,-0.03,1.37,0.00,0.00,-0.02,0.05,0.03,-0.05
MARK KASTELIC,F,OTT,22-23,388.57,346.77,0.02,0.15,0.00,16.67,0.00,-0.07,25.13,-0.05,-0.04,-0.13,0.07,-0.06,-0.05
MARTIN KAUT,F,COL,22-23,245.55,219.93,-0.02,0.08,-0.12,18.63,0.01,-0.04,6.98,0.00,0.00,-0.05,0.10,0.05,-0.05
RAFAEL HARVEY-PINARD,F,MTL,22-23,25.15,20.88,0.00,0.00,-0.03,0.00,0.00,0.00,4.27,-0.01,-0.02,0.00,0.00,0.00,-0.05
DAVID JIRICEK,D,CBJ,22-23,31.02,29.35,-0.01,0.00,-0.01,1.67,0.00,0.00,0.00,0.00,0.00,-0.01,-0.02,-0.03,-0.05
ADAM BECKMAN,F,MIN,22-23,60.12,57.48,0.01,-0.01,-0.13,2.63,0.00,0.00,0.00,0.00,0.00,0.04,0.03,0.08,-0.05
DAN RENOUF,D,BOS,22-23,9.67,8.92,0.00,0.00,-0.06,0.00,0.00,0.00,0.75,0.00,0.00,0.00,0.00,0.00,-0.06
JUSTIN BARRON,D,MTL,22-23,142.90,130.13,0.08,-0.10,-0.04,6.17,0.01,0.00,6.60,-0.01,0.00,0.00,0.00,0.00,-0.06
RYAN LINDGREN,D,NYR,22-23,811.18,717.65,-0.28,0.44,-0.34,1.38,0.00,0.00,92.15,0.29,-0.01,-0.01,-0.14,-0.15,-0.06
OLLE LYCKSELL,F,PHI,22-23,28.82,28.82,0.00,-0.01,-0.02,0.00,0.00,0.00,0.00,0.00,0.00,-0.02,-0.02,-0.04,-0.06
MAX COMTOIS,F,ANA,22-23,482.65,453.88,-0.09,-0.17,0.28,22.40,0.04,-0.11,6.37,0.00,-0.03,-0.07,0.08,0.02,-0.06
VINCENT DESHARNAIS,D,EDM,22-23,60.70,50.63,0.03,0.00,-0.01,0.00,0.00,0.00,10.07,0.01,0.00,0.02,-0.12,-0.10,-0.06
JACOB LARSSON,D,OTT,22-23,38.15,37.62,0.01,0.00,-0.01,0.00,0.00,0.00,0.53,0.00,0.00,-0.01,-0.06,-0.06,-0.06
BRANDT CLARKE,D,L.A,22-23,121.02,111.52,0.08,0.02,-0.16,5.58,0.00,-0.01,3.92,0.00,0.00,0.05,-0.05,0.00,-0.06
SAM POULIN,F,PIT,22-23,29.90,26.35,0.00,0.00,-0.03,3.55,0.00,0.00,0.00,0.00,0.00,-0.02,-0.02,-0.04,-0.06
CONNOR BROWN,F,WSH,22-23,61.67,48.87,0.01,-0.01,-0.05,4.57,0.00,-0.03,8.23,-0.03,0.00,0.01,0.03,0.04,-0.06
DAVID KAMPF,F,TOR,22-23,689.83,557.22,-0.37,0.28,0.05,4.35,0.00,-0.01,128.27,-0.12,-0.03,-0.21,0.35,0.14,-0.06
JAKE MIDDLETON,D,MIN,22-23,774.77,677.20,-0.34,0.16,0.09,5.07,0.01,-0.01,92.50,0.05,0.00,0.00,-0.01,-0.01,-0.07
MATTHEW PHILLIPS,F,CGY,22-23,18.07,12.38,0.00,0.00,-0.02,5.68,-0.01,0.00,0.00,0.00,0.00,-0.01,-0.03,-0.04,-0.07
RILEY SHEAHAN,F,BUF,22-23,16.62,16.27,0.00,0.00,0.00,0.00,0.00,0.00,0.35,0.00,0.00,-0.01,-0.07,-0.07,-0.07
COLTON WHITE,D,ANA,22-23,224.17,214.10,0.01,0.05,-0.08,1.83,0.00,0.00,8.23,0.00,0.00,-0.06,0.00,-0.05,-0.07
BRENDAN SMITH,D,N.J,22-23,679.18,607.57,0.15,0.35,-0.46,1.62,0.00,0.00,70.00,-0.01,0.00,0.25,-0.35,-0.10,-0.07
MICHAEL STONE,D,CGY,22-23,459.33,429.87,0.00,-0.17,0.32,19.70,0.00,-0.05,9.77,0.02,0.00,0.00,-0.20,-0.20,-0.07
ERIC ROBINSON,F,CBJ,22-23,508.32,417.50,0.16,-0.13,-0.29,0.48,0.00,0.00,90.33,0.16,-0.06,-0.08,0.17,0.09,-0.07
DANTE FABBRO,D,NSH,22-23,674.62,614.27,0.22,0.19,-0.12,2.60,0.00,0.00,57.75,-0.24,0.00,-0.13,0.01,-0.12,-0.07
JAN JENIK,F,ARI,22-23,3.98,3.88,0.00,0.00,0.00,0.10,0.00,0.00,0.00,0.00,0.00,0.00,-0.07,-0.07,-0.07
MACKENZIE ENTWISTLE,F,CHI,22-23,422.00,363.33,-0.26,0.24,0.05,51.37,0.05,-0.13,7.30,-0.03,0.00,-0.07,0.09,0.01,-0.08
MICHAEL PEZZETTA,F,MTL,22-23,225.02,213.52,0.04,0.05,0.00,0.18,0.00,0.00,11.32,-0.01,-0.05,-0.04,-0.06,-0.10,-0.08
DOMINIC TONINATO,F,WPG,22-23,27.87,27.85,-0.01,0.00,-0.07,0.02,0.00,0.00,0.00,0.00,0.00,0.02,-0.02,0.00,-0.08
TYLER TUCKER,D,STL,22-23,148.78,147.90,-0.06,0.01,-0.03,0.07,0.00,0.00,0.82,0.00,0.00,0.00,0.00,0.00,-0.08
REM PITLICK,F,MTL,22-23,165.42,146.82,-0.04,-0.11,0.21,4.53,-0.01,0.00,14.07,-0.03,0.00,0.06,-0.17,-0.11,-0.08
JESSE YLONEN,F,MTL,22-23,65.43,54.90,0.01,0.00,-0.07,8.48,0.01,-0.03,2.05,0.00,0.00,0.00,0.00,0.00,-0.08
LASSI THOMSON,D,OTT,22-23,21.78,21.60,0.00,0.00,-0.01,0.18,0.00,0.00,0.00,0.00,0.00,-0.01,-0.06,-0.07,-0.08
ALEXEY TOROPCHENKO,F,STL,22-23,347.70,327.75,-0.22,0.12,0.10,2.70,0.00,-0.03,17.25,-0.02,-0.01,-0.15,0.12,-0.03,-0.08
EVGENY DADONOV,F,MTL,22-23,513.98,447.53,0.40,-0.08,-0.13,48.78,-0.06,-0.11,17.67,-0.07,-0.01,-0.08,0.06,-0.02,-0.08
MARKUS NIEMELAINEN,D,EDM,22-23,230.33,211.90,-0.02,-0.05,-0.08,0.60,0.00,-0.01,17.83,-0.03,0.00,0.06,0.04,0.10,-0.08
PAVEL DOROFEYEV,F,VGK,22-23,34.57,29.30,0.00,0.01,-0.04,5.27,0.01,-0.03,0.00,0.00,0.00,-0.02,-0.02,-0.04,-0.09
JAMIE DRYSDALE,D,ANA,22-23,140.32,128.80,-0.01,-0.02,-0.04,4.55,0.00,-0.01,6.97,0.00,0.00,-0.03,0.04,0.00,-0.09
KYLE CLIFFORD,F,TOR,22-23,15.82,15.82,0.00,0.00,-0.05,0.00,0.00,0.00,0.00,0.00,0.00,-0.01,-0.03,-0.04,-0.09
JOE SNIVELY,F,WSH,22-23,72.10,70.92,0.00,0.00,-0.13,1.18,0.00,0.00,0.00,0.00,0.00,0.00,0.04,0.04,-0.09
WILLIAM LOCKWOOD,F,VAN,22-23,114.12,107.13,0.01,0.04,-0.18,0.73,0.00,0.00,6.25,0.00,0.00,-0.02,0.06,0.04,-0.09
JAKE MUZZIN,D,TOR,22-23,64.25,54.57,-0.01,-0.01,-0.07,0.03,0.00,0.00,9.65,0.02,0.00,-0.02,0.00,-0.02,-0.09
LAURENT DAUPHIN,F,ARI,22-23,27.25,26.87,0.00,0.00,-0.06,0.00,0.00,0.00,0.38,0.00,0.00,-0.01,-0.02,-0.04,-0.09
MATT DUMBA,D,MIN,22-23,901.77,811.77,-0.06,-0.06,0.27,4.13,0.00,-0.01,85.87,0.01,0.00,-0.07,-0.17,-0.24,-0.09
MAC HOLLOWELL,D,TOR,22-23,77.42,75.38,0.00,-0.06,-0.01,0.33,0.00,0.00,1.70,0.00,0.00,-0.02,0.00,-0.02,-0.09
JACK STUDNICKA,F,VAN/BOS,22-23,281.28,272.37,-0.14,-0.12,0.15,4.27,0.00,0.00,4.65,0.01,0.00,0.04,-0.03,0.01,-0.09
BEN HARPUR,D,NYR,22-23,212.17,211.55,-0.13,-0.12,0.13,0.10,0.00,0.00,0.52,0.00,0.00,-0.01,0.04,0.02,-0.10
OSKAR LINDBLOM,F,S.J,22-23,440.17,415.40,-0.24,0.06,0.15,18.75,-0.02,-0.02,6.02,-0.01,0.00,-0.16,0.13,-0.02,-0.10
ALEC REGULA,D,CHI,22-23,66.38,57.75,-0.02,-0.01,-0.01,7.62,-0.01,0.00,1.02,0.00,0.00,-0.02,-0.04,-0.06,-0.10
MICHAEL MCLEOD,F,N.J,22-23,550.10,487.08,0.07,-0.21,-0.17,3.32,0.00,-0.06,59.70,0.09,-0.03,0.09,0.12,0.21,-0.10
RYAN STROME,F,ANA,22-23,763.27,659.15,0.31,-0.73,0.82,91.25,-0.25,-0.04,12.87,0.02,0.00,-0.25,0.02,-0.24,-0.11
TOMMY NOVAK,F,NSH,22-23,77.78,60.40,0.03,-0.03,-0.11,17.27,-0.01,-0.03,0.12,0.00,0.00,0.03,0.01,0.04,-0.11
ALEC MARTINEZ,D,VGK,22-23,792.15,711.87,0.15,0.01,-0.25,8.33,0.00,-0.01,71.95,-0.03,0.00,-0.12,0.15,0.03,-0.11
MIKE MATHESON,D,MTL,22-23,269.02,203.18,0.05,-0.01,0.03,44.87,-0.06,-0.04,20.97,-0.05,-0.03,0.08,-0.09,0.00,-0.11
BRENDAN GAUNCE,F,CBJ,22-23,50.50,48.87,0.01,-0.01,-0.07,1.20,0.00,0.00,0.43,0.00,0.00,-0.03,-0.01,-0.04,-0.11
BRAYDEN PACHAL,D,VGK,22-23,148.08,136.87,-0.01,0.02,-0.06,0.30,0.00,0.00,10.92,0.02,0.00,-0.04,-0.04,-0.07,-0.11
PAVOL REGENDA,F,ANA,22-23,147.58,137.65,0.06,-0.04,-0.17,9.35,0.00,-0.04,0.58,0.00,0.00,0.07,0.01,0.08,-0.11
JOEL HANLEY,D,DAL,22-23,112.07,110.73,-0.03,0.06,-0.06,0.23,0.00,0.00,1.10,0.00,0.00,0.01,-0.09,-0.08,-0.11
YEGOR CHINAKHOV,F,CBJ,22-23,394.58,358.93,-0.07,0.00,0.05,35.65,-0.06,0.06,0.00,0.00,0.00,-0.13,0.03,-0.10,-0.11
JAKUB VORACEK,F,CBJ,22-23,170.32,135.55,-0.03,-0.12,-0.09,34.77,0.02,0.03,0.00,0.00,0.00,-0.01,0.10,0.08,-0.11
HENRI JOKIHARJU,D,BUF,22-23,446.18,386.65,0.05,-0.14,0.09,4.93,-0.01,-0.01,54.60,-0.07,0.00,-0.03,0.01,-0.03,-0.11
NICK CICEK,D,S.J,22-23,174.63,168.00,-0.07,0.03,-0.01,0.60,0.00,0.00,6.03,-0.01,0.00,0.03,-0.10,-0.06,-0.12
JONAS RONDBJERG,F,VGK,22-23,109.52,102.23,-0.08,0.04,-0.09,0.10,0.00,0.00,7.18,0.01,0.00,0.02,-0.01,0.00,-0.12
ADAM BOQVIST,D,CBJ,22-23,248.08,215.62,-0.09,0.06,-0.10,32.32,0.02,-0.05,0.15,0.00,0.00,-0.06,0.09,0.03,-0.12
ALEX GALCHENYUK,F,COL,22-23,39.30,35.03,0.00,-0.03,-0.01,4.27,-0.01,0.00,0.00,0.00,0.00,-0.02,-0.05,-0.07,-0.12
CASEY FITZGERALD,D,BUF,22-23,298.27,256.67,-0.06,-0.14,-0.09,0.07,0.00,0.00,41.53,-0.03,0.00,0.08,0.12,0.19,-0.12
JUSTIN BRAUN,D,PHI,22-23,527.17,466.47,-0.31,0.31,-0.13,1.47,0.00,0.00,59.23,-0.02,0.00,-0.02,0.05,0.03,-0.13
LANE PEDERSON,F,VAN,22-23,117.48,108.85,0.02,-0.04,-0.03,8.63,0.00,-0.04,0.00,0.00,0.00,0.05,-0.08,-0.03,-0.13
NICOLAS HAGUE,D,VGK,22-23,815.72,774.80,-0.33,0.31,-0.25,3.18,0.00,-0.01,37.73,0.04,0.00,-0.09,0.20,0.11,-0.13
ANTON BLIDH,F,COL,22-23,83.13,83.03,0.00,0.01,-0.11,0.03,0.00,0.00,0.07,0.00,0.00,-0.01,-0.03,-0.03,-0.13
BYRON FROESE,F,VGK,22-23,35.87,34.95,0.01,0.00,-0.11,0.00,0.00,0.00,0.92,0.00,0.00,-0.02,-0.02,-0.04,-0.14
JESPERI KOTKANIEMI,F,CAR,22-23,628.22,530.13,-0.45,0.39,0.00,93.47,-0.01,-0.22,4.62,0.00,0.16,0.05,-0.06,-0.02,-0.14
VICTOR METE,D,TOR,22-23,141.08,130.27,-0.04,-0.07,-0.02,1.20,0.00,0.00,9.62,0.02,-0.03,0.00,0.00,0.00,-0.14
ROLAND MCKEOWN,D,NSH,22-23,77.57,72.93,-0.03,-0.04,-0.02,0.00,0.00,0.00,4.63,0.00,0.00,0.02,-0.07,-0.05,-0.14
BOBBY MCMANN,F,TOR,22-23,42.37,40.48,0.01,0.00,-0.12,1.88,0.00,-0.04,0.00,0.00,0.00,0.02,-0.01,0.00,-0.14
JAKE BEAN,D,CBJ,22-23,218.92,198.98,-0.06,-0.07,-0.11,16.02,-0.01,0.16,3.92,0.00,0.00,-0.05,0.00,-0.05,-0.15
SAMPO RANTA,F,COL,22-23,43.83,43.83,0.02,0.00,-0.10,0.00,0.00,0.00,0.00,0.00,0.00,-0.02,-0.05,-0.07,-0.15
RYAN JOHANSEN,F,NSH,22-23,662.02,522.70,0.23,-0.06,0.17,138.43,0.10,-0.24,0.88,0.00,0.00,-0.24,-0.12,-0.35,-0.15
PATRICK BROWN,F,PHI,22-23,302.52,265.33,-0.07,0.05,-0.08,1.42,0.00,0.00,35.77,0.02,-0.01,-0.12,0.06,-0.06,-0.15
JOSH BAILEY,F,NYI,22-23,657.93,545.60,0.04,-0.43,0.23,66.92,0.09,-0.20,45.42,0.06,0.00,-0.27,0.33,0.06,-0.15
LARS ELLER,F,WSH,22-23,690.15,600.58,0.06,0.03,0.22,7.93,0.00,0.00,81.63,-0.07,-0.04,-0.14,-0.21,-0.35,-0.15
KEVIN ROONEY,F,CGY,22-23,149.62,143.92,-0.02,0.03,-0.31,1.60,0.00,-0.01,4.10,0.01,0.00,0.11,0.05,0.16,-0.16
GRIGORI DENISENKO,F,FLA,22-23,92.18,86.48,-0.06,-0.01,-0.07,5.70,0.00,-0.02,0.00,0.00,0.00,0.00,0.00,0.00,-0.16
NOAH GREGOR,F,S.J,22-23,254.63,250.50,0.16,-0.19,-0.20,1.10,0.00,0.00,3.03,-0.01,0.00,0.02,0.07,0.08,-0.16
JEAN-LUC FOUDY,F,COL,22-23,90.22,83.37,0.02,-0.02,-0.19,6.85,-0.01,0.00,0.00,0.00,0.00,0.10,-0.06,0.04,-0.16
BORIS KATCHOUK,F,CHI,22-23,209.75,199.87,0.02,-0.04,-0.04,1.53,0.00,0.00,8.35,0.01,0.00,0.00,-0.11,-0.11,-0.16
DANTON HEINEN,F,PIT,22-23,421.92,386.47,0.14,0.05,-0.21,35.35,-0.12,0.04,0.10,0.00,0.00,-0.15,0.09,-0.06,-0.16
ROSS JOHNSTON,F,NYI,22-23,79.90,79.63,-0.05,0.01,-0.05,0.27,0.00,0.00,0.00,0.00,0.00,-0.04,-0.03,-0.07,-0.16
OSKAR SUNDQVIST,F,DET,22-23,515.72,394.17,-0.18,-0.31,0.07,85.20,0.34,-0.18,36.35,0.01,0.00,0.10,-0.01,0.09,-0.16
ZACH BOGOSIAN,D,T.B,22-23,283.62,271.88,0.07,-0.06,-0.13,0.00,0.00,0.00,11.73,-0.01,0.00,-0.03,0.00,-0.03,-0.16
TREVOR LEWIS,F,CGY,22-23,566.42,472.72,-0.23,0.04,0.03,7.13,0.01,0.14,86.57,-0.25,0.10,-0.22,0.21,-0.02,-0.16
JAKOB SILFVERBERG,F,ANA,22-23,669.50,470.42,-0.27,-0.03,0.21,74.10,0.10,-0.16,124.98,-0.13,-0.02,-0.01,0.15,0.14,-0.16
REESE JOHNSON,F,CHI,22-23,347.57,312.87,-0.19,-0.07,0.15,1.53,0.00,0.00,33.17,0.07,-0.10,0.01,-0.03,-0.03,-0.16
DENIS MALGIN,F,TOR/COL,22-23,358.12,323.97,0.11,0.15,-0.30,34.08,-0.08,-0.14,0.07,0.00,0.00,0.00,0.09,0.09,-0.17
DEREK GRANT,F,ANA,22-23,206.58,168.70,0.02,-0.17,0.06,0.52,0.00,0.00,37.37,0.06,-0.03,-0.07,-0.03,-0.11,-0.17
MATTIAS JANMARK,F,EDM,22-23,486.83,420.02,-0.13,0.09,-0.03,2.77,0.00,0.00,64.05,-0.06,-0.09,0.01,0.05,0.05,-0.17
MARC STAAL,D,FLA,22-23,838.23,699.65,-0.04,0.07,-0.44,2.38,0.00,0.00,136.20,0.14,-0.04,-0.06,0.21,0.15,-0.17
KEVIN STENLUND,F,WPG,22-23,226.68,183.20,-0.03,0.08,0.00,12.60,-0.02,-0.02,30.88,-0.10,0.00,-0.08,0.01,-0.07,-0.17
ZACH ASTON-REESE,F,TOR,22-23,485.62,436.27,-0.03,-0.03,-0.02,2.23,0.00,0.00,47.12,-0.01,-0.06,-0.10,0.08,-0.02,-0.17
JORDIE BENN,D,TOR,22-23,177.88,158.32,-0.06,0.04,0.09,1.07,0.00,0.00,18.50,-0.07,-0.07,-0.01,-0.10,-0.10,-0.17
MATT IRWIN,D,WSH,22-23,435.03,413.03,-0.18,0.18,-0.19,0.12,0.00,0.00,21.88,-0.03,0.00,-0.03,0.08,0.04,-0.17
ALEX WENNBERG,F,SEA,22-23,823.48,634.58,-0.13,-0.03,0.15,87.57,-0.22,0.07,101.33,-0.08,-0.05,-0.21,0.31,0.10,-0.17
MATT DUCHENE,F,NSH,22-23,753.63,624.13,0.30,-0.37,-0.41,128.83,0.22,0.12,0.67,0.00,0.00,-0.13,0.08,-0.05,-0.18
NATHAN BEAULIEU,D,ANA,22-23,289.33,247.47,0.12,-0.14,-0.12,0.17,0.00,0.00,41.70,0.08,0.00,-0.07,-0.04,-0.11,-0.18
COLTON PARAYKO,D,STL,22-23,999.47,889.25,-0.33,0.29,-0.12,34.08,0.03,-0.06,76.13,-0.03,0.00,-0.13,0.18,0.05,-0.18
MORGAN GEEKIE,F,SEA,22-23,351.38,297.78,0.00,-0.20,0.23,0.55,0.00,0.00,53.05,-0.11,-0.04,-0.11,0.05,-0.06,-0.18
SAMUEL GIRARD,D,COL,22-23,772.20,690.87,-0.17,-0.27,0.18,50.40,-0.05,-0.05,30.93,0.03,0.00,0.00,0.14,0.14,-0.18
NATHAN WALKER,F,STL,22-23,247.57,235.53,-0.13,-0.16,0.00,2.18,0.00,0.00,9.85,0.01,-0.03,0.06,0.06,0.12,-0.19
NICK RITCHIE,F,ARI,22-23,577.80,456.93,0.26,-0.46,0.01,120.27,-0.13,0.33,0.60,0.00,0.00,-0.08,-0.13,-0.20,-0.19
TYLER BERTUZZI,F,DET,22-23,234.22,196.92,0.13,-0.05,-0.18,37.08,0.04,-0.18,0.22,0.00,0.00,-0.01,0.06,0.05,-0.19
NICK LEDDY,D,STL,22-23,884.68,816.45,-0.07,-0.12,-0.48,9.53,0.00,0.00,58.70,0.24,0.00,0.01,0.23,0.24,-0.19
RYAN MURRAY,D,EDM,22-23,169.80,160.13,-0.08,0.01,-0.09,0.00,0.00,0.00,9.67,0.03,0.00,0.00,-0.05,-0.05,-0.19
MAX WILLMAN,F,PHI,22-23,80.33,80.33,-0.02,0.00,-0.10,0.00,0.00,0.00,0.00,0.00,0.00,-0.04,-0.03,-0.07,-0.19
ROBERT BORTUZZO,D,STL,22-23,359.47,308.05,-0.07,0.15,-0.01,0.00,0.00,0.00,51.42,-0.10,0.00,-0.05,-0.11,-0.16,-0.19
ALEX BARABANOV,F,S.J,22-23,708.30,594.72,0.03,-0.07,-0.27,112.98,0.38,-0.20,0.60,0.00,0.00,-0.26,0.21,-0.05,-0.19
KRIS LETANG,D,PIT,22-23,694.88,571.33,0.06,-0.38,-0.30,99.25,-0.03,0.08,24.30,0.06,0.17,0.02,0.14,0.15,-0.20
BRAD MALONE,F,EDM,22-23,76.77,64.78,0.02,-0.01,-0.10,0.75,0.00,-0.03,11.23,-0.01,0.00,-0.04,-0.03,-0.07,-0.20
JONNY BRODZINSKI,F,NYR,22-23,147.60,141.68,-0.01,0.05,-0.06,0.53,0.00,0.00,5.38,0.00,-0.07,-0.04,-0.07,-0.11,-0.20
CARSON MEYER,F,CBJ,22-23,120.87,117.33,0.03,0.00,-0.29,3.02,0.00,-0.03,0.52,0.00,0.00,0.05,0.03,0.08,-0.20
RYAN CARPENTER,F,NYR,22-23,200.13,176.55,-0.04,-0.04,-0.04,1.17,0.00,-0.06,22.42,0.08,0.00,-0.03,-0.08,-0.11,-0.20
JASON DICKINSON,F,CHI,22-23,591.90,493.57,-0.23,0.10,-0.12,17.33,0.03,0.07,81.00,0.01,-0.07,-0.05,0.07,0.02,-0.20
ALEX ROMANOV,D,NYI,22-23,921.05,812.47,-0.07,-0.20,-0.08,2.17,0.00,-0.01,106.42,0.02,0.00,0.07,0.07,0.14,-0.21
NICOLAS AUBE-KUBEL,F,WSH/TOR,22-23,226.08,223.65,0.03,0.06,-0.07,0.48,0.00,0.00,1.95,0.00,-0.03,-0.01,-0.19,-0.20,-0.21
SAM CARRICK,F,ANA,22-23,326.35,286.57,-0.14,-0.17,0.23,8.23,0.01,-0.04,31.55,-0.13,-0.03,0.02,0.03,0.05,-0.21
BRENDAN GALLAGHER,F,MTL,22-23,343.38,293.23,0.13,0.00,-0.04,49.92,-0.29,-0.10,0.23,0.00,0.00,0.08,0.00,0.09,-0.21
RADIM SIMEK,D,S.J,22-23,454.40,414.12,0.04,0.00,-0.17,2.37,0.00,0.00,37.92,0.00,-0.01,0.08,-0.14,-0.06,-0.21
CHARLES HUDON,F,COL,22-23,94.65,86.48,0.04,-0.01,-0.23,8.03,0.00,-0.01,0.13,0.00,0.00,-0.01,0.02,0.00,-0.21
NICKLAS BACKSTROM,F,WSH,22-23,94.73,79.90,0.00,-0.01,-0.10,14.68,-0.02,-0.05,0.15,0.00,0.00,-0.05,0.02,-0.03,-0.22
JAYSON MEGNA,F,ANA/COL,22-23,299.30,272.85,0.02,0.11,-0.30,0.43,0.00,0.00,26.02,-0.09,0.00,-0.04,0.09,0.05,-0.22
OWEN POWER,D,BUF,22-23,954.18,833.17,0.75,-0.47,-0.55,81.77,-0.11,-0.05,39.25,0.01,0.00,0.07,0.13,0.20,-0.22
JAMES HAMBLIN,F,EDM,22-23,88.55,80.90,0.01,0.00,-0.21,1.03,0.00,0.00,6.62,0.01,0.00,-0.05,0.01,-0.03,-0.22
KIEFFER BELLOWS,F,PHI/NYI,22-23,149.42,137.82,-0.02,-0.01,-0.18,11.60,-0.03,0.00,0.00,0.00,0.00,0.03,-0.03,0.01,-0.22
ADAM ERNE,F,DET,22-23,551.88,486.15,-0.48,0.13,0.16,1.27,0.00,0.00,64.47,-0.08,-0.01,-0.14,0.20,0.06,-0.22
GIVANI SMITH,F,FLA/DET,22-23,94.77,94.43,0.02,-0.01,-0.12,0.20,0.00,0.00,0.13,0.00,0.00,-0.05,-0.06,-0.11,-0.22
ROBERT HAGG,D,DET,22-23,202.23,188.68,-0.03,-0.06,-0.16,1.03,0.00,0.00,12.52,0.01,0.00,0.10,-0.08,0.02,-0.23
JANI HAKANPAA,D,DAL,22-23,879.93,701.80,-0.15,-0.10,-0.05,2.85,0.00,0.00,175.28,0.21,-0.01,-0.07,-0.07,-0.13,-0.24
JESSE PULJUJARVI,F,EDM,22-23,573.98,536.62,-0.14,0.33,-0.07,37.32,-0.07,-0.25,0.05,0.00,0.00,-0.15,0.10,-0.05,-0.24
PARKER KELLY,F,OTT,22-23,435.82,349.55,-0.21,0.15,-0.30,1.47,0.00,0.00,84.80,0.11,-0.12,0.11,0.02,0.13,-0.25
ISAC LUNDESTROM,F,ANA,22-23,348.33,285.75,-0.06,-0.07,-0.37,6.10,-0.01,0.00,56.48,0.06,-0.02,0.07,0.16,0.22,-0.25
JACOB BERNARD-DOCKER,D,OTT,22-23,205.55,201.23,-0.11,0.02,-0.14,0.12,0.00,0.00,4.20,0.00,0.00,-0.05,0.03,-0.02,-0.25
WAYNE SIMMONDS,F,TOR,22-23,71.30,71.00,-0.01,-0.02,-0.08,0.30,0.00,0.00,0.00,0.00,0.00,0.00,-0.15,-0.15,-0.26
BROCK BOESER,F,VAN,22-23,590.57,497.48,-0.03,-0.44,0.17,92.75,0.24,-0.07,0.33,0.00,0.00,-0.20,0.07,-0.13,-0.26
RILEY STILLMAN,D,VAN,22-23,337.83,310.20,0.02,-0.24,-0.15,0.68,0.00,0.00,26.95,0.02,0.00,-0.05,0.14,0.09,-0.26
JACK MCBAIN,F,ARI,22-23,594.63,503.07,-0.14,-0.04,0.05,2.10,0.00,0.00,89.47,0.13,-0.06,-0.16,-0.04,-0.20,-0.27
TRAVIS HAMONIC,D,OTT,22-23,827.67,690.98,0.06,-0.23,0.16,4.47,0.00,0.00,132.22,-0.15,-0.01,-0.09,-0.02,-0.11,-0.27
DAVID GUSTAFSSON,F,WPG,22-23,383.27,318.40,0.01,-0.08,-0.45,2.30,0.00,0.00,62.57,0.14,-0.01,-0.01,0.14,0.13,-0.27
JONAH GADJOVICH,F,S.J,22-23,261.23,259.98,0.17,-0.02,-0.37,1.17,0.00,0.00,0.08,0.00,0.00,-0.14,0.07,-0.07,-0.28
JOEL KIVIRANTA,F,DAL,22-23,571.55,488.62,-0.06,0.02,-0.09,2.27,0.00,-0.01,80.67,0.09,0.06,-0.08,-0.20,-0.28,-0.28
ALEX NEWHOOK,F,COL,22-23,648.58,572.28,-0.15,-0.10,0.32,73.30,-0.12,-0.15,3.00,0.00,0.00,-0.19,0.10,-0.09,-0.28
SEAN MONAHAN,F,MTL,22-23,416.72,297.28,0.10,0.02,-0.11,78.82,-0.06,-0.15,40.62,0.03,-0.05,-0.18,0.12,-0.06,-0.28
VASILY PODKOLZIN,F,VAN,22-23,196.07,191.22,0.01,-0.02,-0.28,4.57,-0.01,0.00,0.28,0.00,0.00,-0.03,0.03,0.01,-0.29
FILIP ZADINA,F,DET,22-23,125.28,109.62,0.07,-0.03,-0.21,15.22,-0.04,0.00,0.45,0.00,0.00,-0.07,0.00,-0.07,-0.29
VINCENT TROCHECK,F,NYR,22-23,900.82,685.20,0.29,-0.23,-0.91,182.52,0.72,-0.12,33.10,0.04,-0.02,-0.06,0.02,-0.04,-0.29
VLADISLAV NAMESTNIKOV,F,T.B,22-23,507.70,419.60,0.09,0.09,-0.23,50.13,-0.10,-0.15,37.97,0.00,-0.05,0.00,0.06,0.06,-0.29
PATRIC HORNQVIST,F,FLA,22-23,195.80,148.27,0.09,0.01,-0.29,47.53,-0.04,-0.28,0.00,0.00,0.00,0.18,0.03,0.21,-0.30
BRYAN RUST,F,PIT,22-23,774.55,608.17,0.16,-0.05,-0.28,111.35,0.01,-0.21,55.03,0.01,0.00,-0.22,0.28,0.07,-0.30
DYLAN GUENTHER,F,ARI,22-23,364.13,306.95,-0.09,-0.14,-0.28,56.85,-0.18,0.50,0.33,0.00,0.00,-0.15,0.05,-0.10,-0.30
JEREMY LAUZON,D,NSH,22-23,593.83,512.32,0.15,-0.09,0.13,1.07,0.00,0.00,80.45,-0.20,0.00,0.04,-0.33,-0.29,-0.30
J.J. MOSER,D,ARI,22-23,906.20,661.97,-0.19,0.09,0.31,112.72,-0.43,0.09,131.52,-0.35,0.00,0.04,0.13,0.17,-0.30
IAN MITCHELL,D,CHI,22-23,190.60,173.38,-0.12,-0.15,-0.04,15.33,0.00,-0.01,1.88,0.00,0.00,-0.05,0.06,0.01,-0.31
MICHAEL MCCARRON,F,NSH,22-23,145.77,127.28,0.04,-0.05,-0.13,1.35,0.00,0.00,17.13,-0.01,-0.02,0.00,-0.14,-0.14,-0.31
BRETT HOWDEN,F,VGK,22-23,271.68,256.30,0.01,-0.05,-0.28,0.32,0.00,0.00,15.07,0.00,0.00,0.04,-0.04,0.01,-0.31
JON MERRILL,D,MIN,22-23,624.18,571.60,-0.58,0.22,0.13,4.15,0.00,0.00,48.43,-0.04,0.00,0.00,-0.04,-0.04,-0.31
NILS AMAN,F,VAN,22-23,418.07,382.02,-0.16,-0.04,-0.25,3.60,-0.01,0.00,32.45,0.06,-0.01,-0.11,0.20,0.09,-0.32
COLE PERFETTI,F,WPG,22-23,597.97,534.98,-0.14,0.11,-0.13,62.92,0.24,-0.24,0.07,0.00,0.00,-0.24,0.07,-0.17,-0.32
BLAKE WHEELER,F,WPG,22-23,626.20,509.63,0.22,-0.16,-0.17,91.95,-0.14,0.27,24.62,0.02,-0.01,-0.25,-0.10,-0.35,-0.33
AUSTIN WATSON,F,OTT,22-23,460.83,371.58,-0.23,0.11,-0.06,1.08,0.00,-0.04,88.17,-0.01,-0.04,-0.13,0.07,-0.06,-0.33
CAL FOOTE,D,T.B,22-23,287.15,267.12,-0.08,-0.29,0.05,7.10,0.00,0.00,12.93,0.01,0.00,0.10,-0.11,-0.02,-0.33
VICTOR HEDMAN,D,T.B,22-23,968.78,770.58,0.85,-0.62,-0.39,115.02,-0.30,-0.17,83.18,0.09,-0.05,0.06,0.20,0.27,-0.33
VINNIE HINOSTROZA,F,BUF,22-23,232.65,224.38,-0.03,-0.09,-0.31,1.23,0.00,0.00,7.03,0.01,0.00,0.03,0.06,0.08,-0.34
GUSTAV LINDSTROM,D,DET,22-23,274.70,273.63,-0.14,-0.06,-0.07,0.53,0.00,0.00,0.53,0.00,0.00,-0.07,-0.01,-0.07,-0.34
GUSTAV FORSLING,D,FLA,22-23,"1,099.97",883.50,-0.38,-0.05,0.26,73.75,0.08,0.05,142.72,-0.26,-0.01,-0.01,-0.04,-0.05,-0.34
PAUL STASTNY,F,CAR,22-23,554.23,465.83,0.56,-0.06,-0.65,85.12,-0.01,-0.10,3.28,0.00,0.00,-0.18,0.09,-0.09,-0.35
LIAM FOUDY,F,CBJ,22-23,301.18,277.98,-0.12,0.01,-0.29,0.45,0.00,0.00,22.75,-0.01,-0.03,-0.01,0.09,0.09,-0.35
MARIO FERRARO,D,S.J,22-23,775.78,647.82,-0.48,0.01,-0.03,37.15,-0.08,-0.06,90.82,0.07,0.00,0.00,0.22,0.21,-0.35
ARBER XHEKAJ,D,MTL,22-23,662.45,618.13,-0.07,-0.51,0.28,32.07,-0.06,0.31,12.25,-0.01,0.00,-0.01,-0.28,-0.29,-0.36
KALE CLAGUE,D,BUF,22-23,303.23,300.48,-0.08,-0.08,-0.09,1.67,0.00,0.00,1.08,0.00,0.00,-0.04,-0.07,-0.10,-0.36
TOMAS NOSEK,F,BOS,22-23,511.23,400.13,0.02,0.00,-0.29,1.67,0.00,0.00,109.43,0.06,-0.08,-0.09,0.02,-0.07,-0.36
ERIK JOHNSON,D,COL,22-23,776.15,680.77,0.19,0.14,-0.44,0.95,0.00,0.00,94.43,-0.29,0.00,-0.19,0.22,0.02,-0.37
KARSON KUHLMAN,F,WPG/SEA,22-23,360.40,320.98,0.01,0.01,-0.33,1.65,0.00,0.00,37.77,-0.05,-0.05,0.00,0.05,0.05,-0.37
TEUVO TERAVAINEN,F,CAR,22-23,559.03,400.82,0.02,-0.05,-0.53,90.42,0.23,-0.06,67.80,-0.07,0.23,-0.26,0.13,-0.13,-0.37
KURTIS MACDERMID,D,COL,22-23,165.35,162.95,-0.04,-0.01,-0.14,0.08,0.00,0.00,2.32,0.00,0.00,0.00,-0.18,-0.18,-0.38
MASON APPLETON,F,WPG,22-23,228.37,201.32,0.13,-0.12,-0.33,0.38,0.00,0.00,26.67,-0.01,-0.10,0.03,0.02,0.05,-0.38
QUINTON BYFIELD,F,L.A,22-23,226.92,201.85,0.03,-0.06,-0.19,21.38,0.02,-0.11,3.68,0.00,-0.01,-0.01,-0.06,-0.07,-0.38
JACK DRURY,F,CAR,22-23,204.70,194.55,-0.01,0.07,-0.34,5.20,0.01,-0.04,4.95,-0.01,0.00,0.01,-0.07,-0.07,-0.38
TANNER PEARSON,F,VAN,22-23,185.53,158.45,0.01,-0.09,-0.06,20.12,-0.02,-0.09,6.97,0.00,0.00,0.05,-0.20,-0.14,-0.39
JURAJ SLAFKOVSKY,F,MTL,22-23,471.87,421.25,-0.22,-0.09,0.08,50.52,-0.05,0.08,0.10,0.00,0.00,-0.06,-0.13,-0.19,-0.39
JOSH BROWN,D,ARI,22-23,631.52,512.18,-0.21,-0.30,0.22,1.37,0.00,0.00,117.97,-0.20,0.00,-0.04,0.14,0.10,-0.39
BRENDAN LEMIEUX,F,L.A,22-23,201.52,198.08,0.06,0.07,-0.26,2.83,0.00,0.00,0.60,0.00,0.00,0.01,-0.26,-0.26,-0.39
EVANDER KANE,F,EDM,22-23,296.77,250.05,0.13,-0.10,-0.06,37.10,-0.04,-0.15,9.62,0.01,-0.01,-0.01,-0.17,-0.18,-0.40
URHO VAAKANAINEN,D,ANA,22-23,333.52,324.73,-0.20,-0.18,-0.14,0.77,0.00,0.00,8.02,-0.01,0.00,-0.04,0.17,0.13,-0.40
MARCO ROSSI,F,MIN,22-23,198.05,175.43,-0.04,-0.08,-0.19,20.08,-0.12,-0.02,2.53,0.00,0.00,0.05,0.00,0.04,-0.41
KAIDEN GUHLE,D,MTL,22-23,736.00,624.83,-0.38,0.20,0.08,20.38,0.00,-0.01,90.78,-0.42,-0.02,0.01,0.12,0.13,-0.41
ZACK KASSIAN,F,ARI,22-23,258.77,257.75,-0.12,-0.12,0.00,0.08,0.00,0.00,0.93,0.00,0.00,-0.10,-0.08,-0.18,-0.41
MAX JONES,F,ANA,22-23,385.70,374.70,-0.02,0.01,-0.27,4.53,0.00,0.00,6.47,0.00,-0.02,0.14,-0.23,-0.10,-0.41
VLADISLAV GAVRIKOV,D,CBJ,22-23,954.23,772.50,0.17,-0.16,-0.07,20.40,-0.05,-0.01,161.33,-0.25,-0.01,-0.08,0.05,-0.04,-0.42
BEN MEYERS,F,COL,22-23,265.02,255.60,-0.07,0.08,-0.37,8.97,0.01,-0.02,0.45,0.00,0.00,-0.10,0.04,-0.07,-0.43
PHIL KESSEL,F,VGK,22-23,568.05,495.40,0.22,-0.49,0.47,71.77,-0.12,-0.28,0.88,0.00,0.00,-0.22,-0.02,-0.24,-0.44
BRETT LEASON,F,ANA,22-23,447.00,440.73,-0.08,-0.44,-0.03,3.48,0.00,-0.01,2.78,0.00,0.00,-0.05,0.18,0.13,-0.44
PEYTON KREBS,F,BUF,22-23,449.27,409.42,-0.40,0.05,0.09,30.17,-0.10,-0.05,9.68,0.01,0.11,-0.09,-0.09,-0.17,-0.45
TYLER MOTTE,F,OTT,22-23,437.73,333.33,0.02,-0.10,-0.63,12.05,-0.02,-0.01,92.35,-0.27,0.05,0.33,0.17,0.50,-0.46
ERIK CERNAK,D,T.B,22-23,770.22,650.52,-0.15,0.21,-0.03,2.67,0.00,0.00,117.03,-0.53,0.00,0.02,0.03,0.04,-0.46
RYAN SUTER,D,DAL,22-23,972.37,813.13,-0.20,-0.06,-0.11,79.88,0.03,-0.04,79.35,-0.09,0.00,-0.13,0.13,0.00,-0.47
MORGAN RIELLY,D,TOR,22-23,682.42,544.98,0.22,-0.47,-0.33,94.27,-0.06,-0.09,43.17,0.11,-0.03,-0.06,0.24,0.19,-0.48
DYLAN GAMBRELL,F,OTT,22-23,280.37,244.78,-0.08,-0.02,-0.26,0.40,0.00,0.00,35.18,0.04,0.00,-0.07,-0.09,-0.16,-0.48
RYAN REAVES,F,MIN/NYR,22-23,346.20,345.98,-0.26,0.03,-0.35,0.17,0.00,0.00,0.05,0.00,0.00,-0.03,0.12,0.09,-0.49
ILYA LYUBUSHKIN,D,BUF,22-23,423.38,360.05,0.01,-0.13,-0.06,0.08,0.00,0.00,63.25,-0.13,0.00,0.12,-0.31,-0.18,-0.49
ADAM LARSSON,D,SEA,22-23,"1,059.68",922.08,-0.26,0.29,0.03,7.32,-0.01,-0.01,130.28,-0.32,0.00,-0.22,0.00,-0.22,-0.49
SAMMY BLAIS,F,NYR,22-23,366.37,356.38,-0.29,-0.04,-0.38,9.98,-0.03,-0.03,0.00,0.00,0.00,0.22,0.06,0.28,-0.49
PIERRE-EDOUARD BELLEMARE,F,T.B,22-23,479.02,375.78,-0.20,-0.06,-0.03,0.12,0.00,0.00,103.12,-0.20,-0.04,-0.14,0.16,0.02,-0.51
NIKO MIKKOLA,D,STL,22-23,736.07,659.33,-0.13,0.11,-0.21,1.22,0.00,0.00,75.52,-0.11,0.00,-0.07,-0.11,-0.17,-0.51
JORDAN GREENWAY,F,MIN,22-23,366.60,336.52,-0.06,0.17,-0.36,18.98,0.05,-0.14,11.10,0.03,-0.02,-0.12,-0.06,-0.17,-0.52
CHRIS WIDEMAN,D,MTL,22-23,390.87,342.27,-0.06,-0.24,-0.12,48.28,0.03,-0.01,0.32,0.00,0.00,0.05,-0.17,-0.12,-0.52
LUKE GLENDENING,F,DAL,22-23,569.15,444.65,-0.12,0.06,-0.47,2.60,0.00,-0.03,121.90,-0.22,0.11,0.04,0.09,0.13,-0.52
COLTON SISSONS,F,NSH,22-23,674.98,520.50,-0.10,-0.10,0.38,22.55,-0.03,-0.04,131.93,-0.75,-0.09,-0.02,0.23,0.21,-0.53
TEDDY BLUEGER,F,PIT,22-23,368.93,283.70,-0.07,0.03,-0.30,3.20,0.00,0.00,82.03,-0.23,-0.14,0.06,0.13,0.19,-0.53
PHILIPP KURASHEV,F,CHI,22-23,715.33,599.20,0.23,-0.62,0.05,76.25,-0.17,-0.25,39.88,0.01,-0.07,0.04,0.25,0.29,-0.53
JACK ROSLOVIC,F,CBJ,22-23,692.93,519.28,-0.12,-0.52,-0.37,96.37,0.01,-0.21,77.28,0.07,0.20,0.16,0.24,0.40,-0.54
GUSTAV NYQUIST,F,CBJ,22-23,777.13,622.70,0.11,-0.17,0.25,73.57,-0.25,-0.17,80.87,-0.19,0.04,-0.30,0.14,-0.16,-0.54
COLE SILLINGER,F,CBJ,22-23,511.30,454.13,-0.02,0.08,-0.48,28.92,0.00,0.08,28.25,-0.03,-0.05,-0.16,0.02,-0.13,-0.55
TROY STECHER,D,ARI,22-23,714.92,599.55,-0.27,-0.18,-0.26,3.27,0.00,0.00,112.10,0.08,0.00,0.01,0.07,0.08,-0.55
SEAN WALKER,D,L.A,22-23,590.98,547.85,0.05,-0.28,-0.13,5.02,0.00,-0.01,38.12,-0.05,0.00,0.04,-0.18,-0.14,-0.55
MATHIEU OLIVIER,F,CBJ,22-23,454.42,422.88,0.06,-0.20,-0.10,0.38,0.00,0.00,31.15,0.04,-0.06,-0.09,-0.20,-0.28,-0.55
JADEN SCHWARTZ,F,SEA,22-23,680.07,572.12,0.04,0.22,-0.80,94.20,-0.13,0.20,13.75,0.01,-0.01,-0.24,0.16,-0.09,-0.56
TYSON JOST,F,BUF/MIN,22-23,512.80,439.12,-0.05,-0.13,-0.24,3.05,0.00,0.00,70.63,-0.07,-0.05,-0.04,0.02,-0.02,-0.56
ALEXIS LAFRENIERE,F,NYR,22-23,668.37,606.17,-0.13,-0.19,-0.01,59.85,0.01,-0.27,2.35,0.00,0.00,-0.13,0.15,0.02,-0.57
ZACH WHITECLOUD,D,VGK,22-23,495.20,444.17,-0.12,-0.05,-0.17,0.27,0.00,0.00,50.77,-0.11,0.00,-0.05,-0.08,-0.13,-0.57
DEVIN SHORE,F,EDM,22-23,251.42,237.90,-0.08,-0.16,-0.32,1.22,0.00,0.00,12.30,0.00,-0.02,-0.09,0.10,0.01,-0.57
NICOLAS DESLAURIERS,F,PHI,22-23,471.55,425.47,-0.24,0.05,-0.24,2.48,0.00,0.00,43.60,-0.07,-0.01,-0.06,0.00,-0.06,-0.57
OLIVER EKMAN-LARSSON,D,VAN,22-23,879.65,770.17,-0.13,-0.23,-0.13,70.67,-0.35,-0.09,38.82,0.17,-0.01,-0.03,0.23,0.20,-0.57
MILES WOOD,F,N.J,22-23,569.05,506.78,0.15,-0.56,0.18,60.40,0.12,-0.49,1.87,0.00,0.00,0.21,-0.21,0.00,-0.60
BEN CHIAROT,D,DET,22-23,899.50,763.83,-0.48,-0.31,0.14,30.15,0.02,-0.05,105.52,0.17,0.00,-0.07,-0.02,-0.09,-0.60
LUKE KUNIN,F,S.J,22-23,458.62,359.75,-0.20,-0.06,-0.15,41.60,-0.03,0.16,57.27,-0.12,-0.01,-0.05,-0.17,-0.23,-0.62
PATRICK MAROON,F,T.B,22-23,449.78,447.57,0.12,0.03,-0.57,2.22,0.00,0.00,0.00,0.00,0.00,-0.16,-0.05,-0.21,-0.63
KYLE OKPOSO,F,BUF,22-23,537.45,445.38,-0.16,0.17,-0.47,39.93,-0.11,-0.09,52.13,-0.09,0.16,-0.02,-0.02,-0.04,-0.63
DAVID SAVARD,D,MTL,22-23,724.22,592.93,-0.03,-0.06,-0.03,3.22,0.00,-0.03,128.07,-0.58,0.00,-0.10,0.19,0.09,-0.63
SIMON BENOIT,D,ANA,22-23,767.85,646.02,-0.40,-0.35,0.08,1.27,0.00,0.00,120.57,0.05,0.00,0.07,-0.09,-0.02,-0.64
MILAN LUCIC,F,CGY,22-23,495.28,484.42,-0.18,-0.21,0.03,10.48,-0.01,-0.01,0.38,0.00,0.00,-0.22,-0.06,-0.28,-0.66
KEVIN SHATTENKIRK,D,ANA,22-23,733.27,592.43,0.05,-0.10,-0.36,73.13,0.07,-0.14,67.70,0.03,0.00,-0.14,-0.07,-0.21,-0.67
JOEL EDMUNDSON,D,MTL,22-23,724.78,576.28,0.09,-0.24,-0.09,4.65,0.00,0.00,143.85,-0.51,-0.01,0.01,0.06,0.07,-0.69
CAM FOWLER,D,ANA,22-23,"1,087.67",865.40,0.03,-0.34,-0.10,120.08,-0.32,0.34,102.18,-0.49,0.00,-0.16,0.33,0.17,-0.71
ZACK MACEWEN,F,PHI,22-23,526.12,494.92,-0.07,-0.24,-0.10,29.92,-0.13,-0.10,1.28,0.00,0.00,0.01,-0.08,-0.07,-0.71
CHRISTIAN DVORAK,F,MTL,22-23,765.50,559.97,0.07,-0.35,0.09,91.75,0.27,-0.53,113.78,-0.33,-0.04,-0.29,0.39,0.10,-0.72
JUSTIN FAULK,D,STL,22-23,"1,070.17",878.83,-0.13,-0.41,-0.12,114.22,0.15,0.09,77.12,-0.26,-0.11,-0.15,0.22,0.07,-0.72
JAKE LESCHYSHYN,F,VGK/NYR,22-23,234.53,230.28,-0.16,-0.16,-0.40,0.28,0.00,0.00,3.97,0.01,-0.03,0.03,-0.02,0.01,-0.73
CURTIS LAZAR,F,VAN,22-23,426.85,390.03,-0.04,-0.08,-0.46,1.17,0.00,0.00,35.65,-0.17,-0.01,-0.04,0.05,0.02,-0.75
COLE SMITH,F,NSH,22-23,457.23,377.98,0.07,0.09,-0.74,2.77,0.00,0.00,76.48,-0.05,-0.15,0.06,-0.04,0.02,-0.76
RYAN MCDONAGH,D,NSH,22-23,770.22,649.78,-0.25,-0.61,-0.19,4.20,0.00,0.00,116.23,0.20,-0.06,-0.04,0.18,0.14,-0.78
DENIS GURIANOV,F,DAL,22-23,388.27,348.40,-0.27,-0.15,-0.19,39.68,-0.09,-0.12,0.18,0.00,0.00,-0.13,0.14,0.01,-0.81
JOHN KLINGBERG,D,ANA,22-23,803.42,710.37,0.40,-1.32,0.19,91.53,0.03,-0.03,1.52,0.00,0.00,-0.16,0.04,-0.12,-0.84
CODY CECI,D,EDM,22-23,939.95,791.95,-0.50,0.07,-0.34,3.98,0.00,0.00,144.02,-0.23,0.00,-0.08,0.23,0.14,-0.85
TONY DEANGELO,D,PHI,22-23,917.63,708.48,0.06,-1.14,0.04,140.45,-0.04,0.32,68.70,-0.38,-0.01,0.07,0.21,0.29,-0.86
TANNER JEANNOT,F,NSH,22-23,671.42,528.92,0.16,-0.35,-0.52,30.67,-0.07,-0.14,111.83,0.13,-0.07,-0.02,0.00,-0.01,-0.86
DMITRY KULIKOV,D,ANA,22-23,919.75,778.37,-0.51,-0.04,0.07,2.10,0.00,0.00,139.28,-0.27,0.00,-0.11,-0.01,-0.12,-0.88
JOEL ARMIA,F,MTL,22-23,472.35,382.13,-0.03,-0.14,-0.20,23.38,0.06,-0.18,66.83,-0.31,0.00,-0.06,-0.04,-0.10,-0.90
PATRIK NEMETH,D,ARI,22-23,615.33,505.35,-0.32,0.03,-0.15,0.67,0.00,0.00,109.32,-0.45,0.00,-0.11,0.09,-0.02,-0.91
JONATHAN DROUIN,F,MTL,22-23,377.53,304.63,-0.03,-0.50,-0.50,72.40,-0.05,-0.09,0.50,0.00,0.00,0.03,0.17,0.20,-0.97
ANDREW COPP,F,DET,22-23,745.83,585.28,-0.17,-0.25,-0.13,73.45,-0.18,-0.11,87.10,-0.10,-0.03,-0.28,0.27,-0.01,-0.98
LUKE SCHENN,D,VAN,22-23,766.83,683.57,-0.23,-0.13,0.08,4.02,0.00,0.00,79.25,-0.33,0.00,-0.15,-0.22,-0.37,-0.98
JACOB TROUBA,D,NYR,22-23,953.15,800.72,0.24,-0.34,-0.54,55.60,-0.07,0.09,96.83,-0.31,-0.03,-0.08,0.05,-0.04,-0.99
JEFF CARTER,F,PIT,22-23,609.58,491.57,-0.06,-0.15,-0.39,61.92,0.01,0.08,56.10,-0.22,-0.05,-0.25,0.00,-0.24,-1.01
TYLER MYERS,D,VAN,22-23,862.00,776.98,-0.16,-0.06,-0.21,3.52,0.00,-0.01,81.50,-0.16,-0.01,-0.17,-0.23,-0.40,-1.02
CASEY CIZIKAS,F,NYI,22-23,613.32,521.20,-0.24,-0.09,-0.13,4.88,-0.01,0.00,87.23,-0.18,-0.18,-0.10,-0.16,-0.26,-1.07
ERIK HAULA,F,N.J,22-23,736.48,587.77,0.21,-0.16,-0.87,60.68,-0.15,-0.05,88.03,-0.02,0.16,-0.16,-0.11,-0.27,-1.16
TRAVIS BOYD,F,ARI,22-23,759.28,619.07,-0.15,-0.75,-0.16,119.18,-0.15,-0.29,21.03,-0.04,0.00,0.01,0.20,0.21,-1.33
PATRICK KANE,F,CHI,22-23,769.43,622.00,-0.36,-0.99,0.05,147.00,-0.02,-0.32,0.43,0.00,0.00,-0.18,0.24,0.06,-1.57
FRANK VATRANO,F,ANA,22-23,792.47,646.13,-0.40,-0.86,-0.38,72.68,-0.01,-0.01,73.65,-0.09,-0.06,0.00,0.18,0.18,-1.63
JACK JOHNSON,D,CHI,22-23,852.47,754.22,-0.85,-0.42,-0.29,2.42,0.00,0.00,95.83,-0.24,-0.04,0.02,0.18,0.20,-1.65
EVGENY KUZNETSOV,F,WSH,22-23,836.82,638.35,-0.04,-0.55,-0.54,149.45,-0.39,0.05,49.02,0.04,-0.10,-0.10,-0.09,-0.20,-1.72
ERIK GUDBRANSON,D,CBJ,22-23,889.08,788.23,-0.70,-0.85,-0.15,2.70,0.00,0.00,98.15,0.06,0.00,-0.14,0.05,-0.09,-1.74
MIKAEL GRANLUND,F,NSH,22-23,797.00,625.77,-0.21,-0.88,-0.56,133.03,0.06,-0.34,38.20,-0.08,-0.01,-0.08,0.30,0.22,-1.80